user_id,signup_ts,country,acquisition_channel,native_language,learning_language
1,2025-06-01T18:39:00,us,referral,English,Spanish
2,2025-06-01T04:05:00,JP,app_store,English,Italian
3,2025-06-01T17:47:00,UK,paid_search,English,Spanish
4,2025-06-01T08:10:00,br,social,English,German
5,2025-06-01T13:26:00,IN,organic,English,Spanish
6,2025-06-01T21:03:00,br,social,English,Italian
7,2025-06-01T18:42:00,DE,app_store,English,German
8,2025-06-01T16:46:00,IN,organic,English,German
9,2025-06-01T11:02:00,ES,organic,English,Italian
10,2025-06-01T22:44:00,JP,app_store,English,German
11,2025-06-01T21:22:00,FR,paid_search,English,Italian
12,2025-06-01T11:07:00,de,organic,English,German
13,2025-06-01T16:56:00,BR,referral,English,Japanese
14,2025-06-01T02:18:00,UK,referral,English,Italian
15,2025-06-01T09:53:00,IN,social,English,French
16,2025-06-02T03:49:00,JP,organic,English,French
17,2025-06-02T18:46:00,UK,social,English,French
18,2025-06-02T13:27:00,UK,organic,English,Japanese
19,2025-06-02T02:26:00,Pl,paid_search,English,English
20,2025-06-02T01:45:00,br,paid_search,English,Japanese
21,2025-06-02T13:47:00,US,organic,English,German
22,2025-06-02T23:12:00,ES,paid_search,English,English
23,2025-06-02T00:14:00,IN,organic,English,English
24,2025-06-02T22:17:00,pl ,paid_search,English,Japanese
25,2025-06-02T18:59:00,br,paid_search,English,German
26,2025-06-02T07:10:00,IN,organic,English,Spanish
27,2025-06-02T18:43:00, US,organic,English,German
28,2025-06-03T12:56:00,MX,social,English,Spanish
29,2025-06-03T10:09:00,ES,organic,English,German
30,2025-06-03T15:36:00,JP,organic,English,German
31,2025-06-03T02:20:00,FR,app_store,English,English
32,2025-06-03T16:27:00,ES,app_store,English,French
33,2025-06-03T18:15:00,Pl,paid_search,English,Italian
34,2025-06-03T01:05:00,pl ,paid_search,English,English
35,2025-06-03T04:43:00,GB,paid_search,English,Japanese
36,2025-06-03T11:51:00,DE,social,English,Italian
37,2025-06-03T10:18:00,JP,paid_search,English,Japanese
38,2025-06-03T15:37:00,US,paid_search,English,Italian
39,2025-06-03T04:29:00,US,organic,English,French
40,2025-06-04T02:10:00,JP,organic,English,Japanese
41,2025-06-04T22:59:00,pl ,organic,English,Japanese
42,2025-06-04T07:01:00,BR,paid_search,English,English
43,2025-06-04T18:03:00,ES,paid_search,English,Spanish
44,2025-06-04T11:26:00,JP,paid_search,English,English
45,2025-06-04T11:48:00,BR,organic,English,Japanese
46,2025-06-04T20:26:00,BR,referral,English,Spanish
47,2025-06-04T21:32:00,US,paid_search,English,French
48,2025-06-04T15:40:00,DE,social,English,French
49,2025-06-04T17:56:00,UK,organic,English,Japanese
50,2025-06-04T23:13:00,MX,organic,English,Spanish
51,2025-06-04T13:22:00,BR,referral,English,Italian
52,2025-06-05T07:12:00,MX,organic,English,English
53,2025-06-05T12:54:00,JP,app_store,English,French
54,2025-06-05T03:31:00,DE,paid_search,English,English
55,2025-06-05T03:53:00,MX,social,English,English
56,2025-06-05T05:53:00,IN,paid_search,English,German
57,2025-06-05T00:46:00,FR,social,English,German
58,2025-06-05T21:05:00,FR,social,English,German
59,2025-06-05T00:56:00,Pl,organic,English,French
60,2025-06-05T19:53:00,US,organic,English,German
61,2025-06-05T17:52:00,BR,organic,English,French
62,2025-06-05T18:19:00,MX,paid_search,English,English
63,2025-06-05T03:56:00,ES,organic,English,Spanish
64,2025-06-06T03:01:00,Pl,organic,English,French
65,2025-06-06T22:41:00,br,organic,English,Japanese
66,2025-06-06T19:01:00,IN,social,English,Italian
67,2025-06-06T03:26:00,IN,app_store,English,Spanish
68,2025-06-06T09:58:00,US,paid_search,English,Japanese
69,2025-06-06T07:57:00,JP,organic,English,English
70,2025-06-06T11:01:00,MX,paid_search,English,Spanish
71,2025-06-06T20:06:00,JP,organic,English,Italian
72,2025-06-06T00:57:00,ES,paid_search,English,French
73,2025-06-06T17:48:00,MX,paid_search,English,Japanese
74,2025-06-06T20:01:00,UK,referral,English,Spanish
75,2025-06-06T19:27:00,PL,paid_search,English,Italian
76,2025-06-07T22:52:00,JP,social,English,French
77,2025-06-07T02:22:00,ES,paid_search,English,Spanish
78,2025-06-07T23:52:00,JP,paid_search,English,Japanese
79,2025-06-07T06:14:00,Pl,referral,English,Italian
80,2025-06-07T02:52:00,MX,paid_search,English,Spanish
81,2025-06-07T03:11:00,FR,organic,English,Italian
82,2025-06-07T03:54:00,MX,organic,English,English
83,2025-06-07T06:34:00,DE,organic,English,Japanese
84,2025-06-07T17:03:00,US,organic,English,French
85,2025-06-07T14:30:00,ES,organic,English,Italian
86,2025-06-07T07:59:00,IN,referral,English,Japanese
87,2025-06-07T20:32:00,GB,organic,English,English
88,2025-06-07T05:14:00,pl ,paid_search,English,Japanese
89,2025-06-07T01:00:00,pl ,paid_search,English,English
90,2025-06-07T02:50:00,DE,app_store,English,Spanish
91,2025-06-08T02:50:00,JP,app_store,English,English
92,2025-06-08T23:19:00,Pl,social,English,Japanese
93,2025-06-08T14:46:00,JP,organic,English,Italian
94,2025-06-08T07:30:00,br,paid_search,English,English
95,2025-06-08T09:41:00,UK,organic,English,Spanish
96,2025-06-08T10:28:00,DE,organic,English,German
97,2025-06-08T08:30:00,FR,organic,English,German
98,2025-06-08T09:10:00,ES,organic,English,Italian
99,2025-06-08T22:40:00,UK,paid_search,English,Italian
100,2025-06-08T11:32:00,FR,referral,English,German
101,2025-06-08T04:48:00,JP,paid_search,English,Italian
102,2025-06-08T01:17:00,JP,social,English,Spanish
103,2025-06-08T14:41:00,pl ,organic,English,English
104,2025-06-08T14:38:00,MX,social,English,Spanish
105,2025-06-08T02:31:00,br,organic,English,English
106,2025-06-09T04:48:00,MX,paid_search,English,German
107,2025-06-09T23:47:00,UK,organic,English,English
108,2025-06-09T14:03:00,GB,social,English,French
109,2025-06-09T03:33:00,DE,paid_search,English,Japanese
110,2025-06-09T12:43:00,JP,social,English,Italian
111,2025-06-09T11:14:00,br,app_store,English,English
112,2025-06-09T18:07:00,de,social,English,Spanish
113,2025-06-09T10:55:00,UK,social,English,Italian
114,2025-06-09T17:53:00,FR,social,English,Japanese
115,2025-06-09T19:21:00,pl ,organic,English,French
116,2025-06-09T03:05:00,MX,paid_search,English,English
117,2025-06-09T09:07:00,UK,paid_search,English,English
118,2025-06-10T08:46:00,MX,paid_search,English,Spanish
119,2025-06-10T15:59:00,FR,social,English,English
120,2025-06-10T10:07:00,MX,referral,English,English
121,2025-06-10T02:07:00,JP,paid_search,English,Spanish
122,2025-06-10T13:00:00,JP,paid_search,English,Italian
123,2025-06-10T10:17:00,IN,paid_search,English,French
124,2025-06-10T00:18:00,ES,app_store,English,Italian
125,2025-06-10T13:06:00,GB,referral,English,English
126,2025-06-10T06:46:00,JP,organic,English,English
127,2025-06-10T23:01:00,JP,social,English,Japanese
128,2025-06-10T02:40:00,JP,organic,English,English
129,2025-06-10T05:27:00,PL,social,English,Italian
130,2025-06-10T00:54:00,DE,organic,English,Japanese
131,2025-06-11T00:09:00,US,social,English,English
132,2025-06-11T23:14:00,IN,referral,English,French
133,2025-06-11T16:48:00, US,social,English,English
134,2025-06-11T16:49:00,IN,organic,English,English
135,2025-06-11T04:06:00,ES,paid_search,English,Spanish
136,2025-06-11T17:32:00,br,referral,English,German
137,2025-06-11T19:44:00,DE,organic,English,French
138,2025-06-11T17:31:00, US,social,English,Japanese
139,2025-06-11T01:36:00,US,referral,English,Spanish
140,2025-06-11T17:24:00,ES,organic,English,French
141,2025-06-11T04:22:00,UK,paid_search,English,Japanese
142,2025-06-11T06:38:00,UK,organic,English,Japanese
143,2025-06-11T22:32:00,PL,paid_search,English,Japanese
144,2025-06-12T06:38:00,JP,app_store,English,Spanish
145,2025-06-12T11:30:00,de,paid_search,English,German
146,2025-06-12T02:58:00,DE,organic,English,Spanish
147,2025-06-12T14:25:00,FR,social,English,German
148,2025-06-12T23:24:00,JP,paid_search,English,English
149,2025-06-12T22:35:00,pl ,organic,English,French
150,2025-06-12T10:28:00,pl ,organic,English,Spanish
151,2025-06-12T08:33:00,br,social,English,Italian
152,2025-06-12T15:36:00,BR,social,English,German
153,2025-06-12T04:25:00,br,organic,English,Japanese
154,2025-06-12T12:48:00,MX,referral,English,Italian
155,2025-06-12T22:51:00,de,paid_search,English,French
156,2025-06-12T05:18:00,UK,paid_search,English,English
157,2025-06-13T02:03:00,US,referral,English,Italian
158,2025-06-13T01:16:00,us,organic,English,German
159,2025-06-13T07:03:00,UK,organic,English,German
160,2025-06-13T16:51:00,IN,organic,English,Italian
161,2025-06-13T05:36:00,de,organic,English,Spanish
162,2025-06-13T23:04:00,br,social,English,German
163,2025-06-13T18:41:00,FR,social,English,Italian
164,2025-06-13T22:38:00,FR,organic,English,Italian
165,2025-06-13T18:31:00,pl ,organic,English,Spanish
166,2025-06-13T20:55:00,ES,paid_search,English,English
167,2025-06-13T20:48:00,Pl,organic,English,Japanese
168,2025-06-13T20:23:00,ES,organic,English,English
169,2025-06-13T00:26:00,GB,organic,English,German
170,2025-06-14T04:14:00,FR,organic,English,English
171,2025-06-14T05:11:00,JP,paid_search,English,French
172,2025-06-14T14:43:00,MX,organic,English,German
173,2025-06-14T05:50:00,Pl,social,English,Japanese
174,2025-06-14T09:40:00,JP,social,English,Japanese
175,2025-06-14T17:21:00, US,organic,English,Japanese
176,2025-06-14T20:19:00,MX,social,English,German
177,2025-06-14T20:22:00,JP,app_store,English,Japanese
178,2025-06-14T14:07:00,FR,organic,English,English
179,2025-06-14T11:50:00,br,organic,English,Spanish
180,2025-06-14T23:55:00,FR,social,English,German
181,2025-06-14T00:20:00,DE,organic,English,French
182,2025-06-14T22:41:00,JP,organic,English,German
183,2025-06-14T14:33:00,DE,organic,English,French
184,2025-06-14T12:38:00,UK,social,English,English
185,2025-06-14T11:59:00,IN,app_store,English,Italian
186,2025-06-15T17:17:00,br,social,English,German
187,2025-06-15T01:06:00,IN,social,English,Italian
188,2025-06-15T15:33:00,ES,social,English,German
189,2025-06-15T02:59:00,MX,organic,English,Italian
190,2025-06-15T23:44:00,UK,organic,English,German
191,2025-06-15T00:30:00,Pl,paid_search,English,English
192,2025-06-15T20:27:00,MX,app_store,English,French
193,2025-06-15T01:47:00,ES,organic,English,French
194,2025-06-15T12:48:00,BR,referral,English,English
195,2025-06-15T00:03:00,pl ,organic,English,German
196,2025-06-15T22:40:00,de,social,English,Italian
197,2025-06-15T20:44:00, US,referral,English,German
198,2025-06-15T21:14:00,US,referral,English,Japanese
199,2025-06-15T00:57:00,ES,social,English,Japanese
200,2025-06-15T00:45:00,BR,referral,English,Japanese
201,2025-06-15T06:14:00,JP,referral,English,Japanese
202,2025-06-16T18:51:00,FR,organic,English,Italian
203,2025-06-16T10:23:00,BR,referral,English,French
204,2025-06-16T04:40:00,IN,organic,English,Spanish
205,2025-06-16T17:25:00,ES,app_store,English,Italian
206,2025-06-16T07:46:00,JP,organic,English,German
207,2025-06-16T13:11:00,de,social,English,Italian
208,2025-06-16T01:23:00,BR,paid_search,English,English
209,2025-06-16T03:06:00,FR,organic,English,German
210,2025-06-16T04:33:00,FR,paid_search,English,Spanish
211,2025-06-16T15:52:00,MX,paid_search,English,German
212,2025-06-16T23:57:00,IN,paid_search,English,Italian
213,2025-06-16T06:20:00,MX,organic,English,English
214,2025-06-16T07:53:00,br,paid_search,English,English
215,2025-06-17T05:35:00,UK,organic,English,Japanese
216,2025-06-17T05:17:00,IN,organic,English,French
217,2025-06-17T20:00:00,FR,paid_search,English,French
218,2025-06-17T19:35:00,Pl,paid_search,English,English
219,2025-06-17T22:59:00,ES,social,English,French
220,2025-06-17T16:54:00,IN,social,English,German
221,2025-06-17T04:33:00,DE,social,English,Spanish
222,2025-06-17T22:46:00,FR,paid_search,English,Japanese
223,2025-06-17T00:56:00,de,organic,English,French
224,2025-06-17T01:14:00,us,paid_search,English,Spanish
225,2025-06-17T12:47:00,PL,organic,English,English
226,2025-06-17T15:23:00,de,social,English,Spanish
227,2025-06-17T04:58:00,ES,organic,English,French
228,2025-06-18T09:09:00,PL,organic,English,German
229,2025-06-18T03:00:00,IN,paid_search,English,French
230,2025-06-18T00:19:00,ES,paid_search,English,Japanese
231,2025-06-18T11:50:00,UK,organic,English,French
232,2025-06-18T05:54:00,BR,social,English,German
233,2025-06-18T17:19:00,PL,organic,English,English
234,2025-06-18T11:51:00,ES,organic,English,Italian
235,2025-06-18T01:19:00,JP,app_store,English,Spanish
236,2025-06-18T00:55:00,US,organic,English,Spanish
237,2025-06-18T16:37:00,DE,paid_search,English,French
238,2025-06-18T14:41:00,Pl,organic,English,French
239,2025-06-18T12:37:00,IN,organic,English,English
240,2025-06-18T23:51:00,GB,app_store,English,French
241,2025-06-18T10:58:00,br,app_store,English,Spanish
242,2025-06-19T17:48:00,FR,organic,English,Japanese
243,2025-06-19T02:36:00,GB,paid_search,English,French
244,2025-06-19T07:49:00,JP,organic,English,Spanish
245,2025-06-19T08:23:00,GB,organic,English,Japanese
246,2025-06-19T20:42:00,GB,organic,English,Italian
247,2025-06-19T21:08:00,de,organic,English,Italian
248,2025-06-19T16:41:00,DE,paid_search,English,French
249,2025-06-19T23:15:00,DE,organic,English,Japanese
250,2025-06-19T13:35:00,MX,organic,English,Japanese
251,2025-06-19T02:52:00,IN,paid_search,English,Spanish
252,2025-06-19T04:16:00,JP,organic,English,German
253,2025-06-19T03:17:00,BR,referral,English,Japanese
254,2025-06-19T00:03:00,de,organic,English,English
255,2025-06-19T20:15:00,IN,social,English,French
256,2025-06-20T12:23:00,br,social,English,Italian
257,2025-06-20T13:16:00,UK,app_store,English,Spanish
258,2025-06-20T22:30:00,ES,organic,English,Spanish
259,2025-06-20T08:31:00,GB,organic,English,German
260,2025-06-20T21:39:00,GB,social,English,German
261,2025-06-20T08:57:00,DE,organic,English,French
262,2025-06-20T20:59:00,MX,organic,English,English
263,2025-06-20T11:52:00,FR,referral,English,Italian
264,2025-06-20T09:24:00,JP,social,English,Japanese
265,2025-06-20T17:32:00,JP,paid_search,English,Italian
266,2025-06-20T02:46:00,ES,referral,English,English
267,2025-06-20T19:30:00,IN,organic,English,Spanish
268,2025-06-20T17:27:00,ES,app_store,English,Spanish
269,2025-06-20T09:48:00,MX,referral,English,Italian
270,2025-06-21T09:37:00,JP,social,English,French
271,2025-06-21T13:23:00,BR,social,English,Japanese
272,2025-06-21T12:28:00,MX,organic,English,German
273,2025-06-21T08:23:00,FR,organic,English,French
274,2025-06-21T07:41:00,DE,app_store,English,German
275,2025-06-21T05:11:00,GB,social,English,Japanese
276,2025-06-21T08:16:00,IN,organic,English,English
277,2025-06-21T11:31:00,DE,organic,English,German
278,2025-06-21T01:00:00,DE,app_store,English,French
279,2025-06-21T16:29:00,JP,organic,English,French
280,2025-06-21T03:17:00,PL,referral,English,Italian
281,2025-06-21T21:06:00,UK,app_store,English,German
282,2025-06-21T14:04:00,MX,organic,English,English
283,2025-06-21T05:33:00,FR,organic,English,Italian
284,2025-06-21T17:37:00,IN,paid_search,English,Japanese
285,2025-06-21T01:15:00,DE,referral,English,Spanish
286,2025-06-21T14:31:00,FR,organic,English,Italian
287,2025-06-22T08:50:00,IN,social,English,German
288,2025-06-22T18:02:00,US,app_store,English,German
289,2025-06-22T05:53:00,de,organic,English,Spanish
290,2025-06-22T20:37:00,DE,paid_search,English,Spanish
291,2025-06-22T04:14:00,ES,social,English,Spanish
292,2025-06-22T13:52:00,IN,organic,English,Japanese
293,2025-06-22T17:14:00,BR,organic,English,French
294,2025-06-22T22:04:00, US,social,English,French
295,2025-06-22T06:29:00,BR,paid_search,English,Japanese
296,2025-06-22T10:21:00,IN,organic,English,Spanish
297,2025-06-22T22:05:00,DE,app_store,English,Spanish
298,2025-06-22T08:33:00,de,organic,English,French
299,2025-06-22T00:22:00,IN,app_store,English,Spanish
300,2025-06-22T07:54:00,us,paid_search,English,English
301,2025-06-22T12:31:00,ES,organic,English,English
302,2025-06-22T03:49:00,MX,social,English,German
303,2025-06-22T20:09:00,ES,app_store,English,Italian
304,2025-06-23T13:03:00,FR,organic,English,Spanish
305,2025-06-23T15:37:00,GB,social,English,Italian
306,2025-06-23T05:12:00,IN,paid_search,English,English
307,2025-06-23T15:45:00,PL,app_store,English,French
308,2025-06-23T21:03:00,pl ,organic,English,German
309,2025-06-23T03:47:00,ES,organic,English,Japanese
310,2025-06-23T22:38:00,DE,social,English,Italian
311,2025-06-23T07:39:00,ES,paid_search,English,Spanish
312,2025-06-23T14:57:00,ES,organic,English,Japanese
313,2025-06-23T02:40:00,de,organic,English,English
314,2025-06-23T10:17:00,MX,social,English,English
315,2025-06-23T23:27:00,pl ,social,English,French
316,2025-06-23T08:56:00,FR,organic,English,Italian
317,2025-06-23T09:24:00,UK,social,English,Japanese
318,2025-06-24T12:43:00,br,paid_search,English,French
319,2025-06-24T09:20:00,JP,paid_search,English,German
320,2025-06-24T06:07:00,ES,organic,English,French
321,2025-06-24T03:39:00,JP,social,English,French
322,2025-06-24T21:19:00, US,social,English,French
323,2025-06-24T20:45:00,MX,social,English,French
324,2025-06-24T03:52:00,DE,organic,English,French
325,2025-06-24T06:40:00,Pl,organic,English,English
326,2025-06-24T13:32:00,MX,app_store,English,Italian
327,2025-06-24T14:44:00,BR,social,English,Spanish
328,2025-06-24T17:58:00,FR,organic,English,German
329,2025-06-24T13:01:00,JP,paid_search,English,Italian
330,2025-06-24T23:36:00,IN,paid_search,English,French
331,2025-06-24T20:51:00,MX,organic,English,English
332,2025-06-25T16:29:00,BR,organic,English,Japanese
333,2025-06-25T05:24:00,IN,app_store,English,English
334,2025-06-25T20:56:00,FR,social,English,English
335,2025-06-25T18:13:00,MX,paid_search,English,Italian
336,2025-06-25T10:41:00,JP,social,English,French
337,2025-06-25T06:18:00,JP,paid_search,English,French
338,2025-06-25T09:17:00,FR,referral,English,French
339,2025-06-25T20:34:00,PL,organic,English,Spanish
340,2025-06-25T10:47:00,FR,referral,English,French
341,2025-06-25T16:46:00,de,organic,English,Spanish
342,2025-06-25T23:17:00,ES,organic,English,French
343,2025-06-25T10:24:00,us,app_store,English,French
344,2025-06-25T15:04:00,MX,organic,English,Japanese
345,2025-06-25T05:16:00,GB,social,English,English
346,2025-06-26T02:42:00,ES,organic,English,Italian
347,2025-06-26T10:30:00,de,paid_search,English,French
348,2025-06-26T19:39:00,JP,app_store,English,Spanish
349,2025-06-26T00:30:00,MX,organic,English,Italian
350,2025-06-26T02:58:00,GB,paid_search,English,French
351,2025-06-26T10:12:00,DE,social,English,Italian
352,2025-06-26T07:47:00,FR,referral,English,English
353,2025-06-26T22:24:00,IN,organic,English,French
354,2025-06-26T17:48:00,GB,referral,English,German
355,2025-06-26T03:34:00,Pl,organic,English,French
356,2025-06-26T07:32:00,DE,organic,English,Spanish
357,2025-06-26T00:05:00,pl ,social,English,Spanish
358,2025-06-26T08:39:00, US,organic,English,Italian
359,2025-06-26T03:03:00, US,referral,English,Japanese
360,2025-06-26T10:49:00,BR,organic,English,Spanish
361,2025-06-27T17:35:00,BR,social,English,French
362,2025-06-27T12:45:00,br,organic,English,German
363,2025-06-27T05:37:00,ES,social,English,French
364,2025-06-27T02:45:00,MX,organic,English,Spanish
365,2025-06-27T04:02:00,de,organic,English,Italian
366,2025-06-27T20:08:00,MX,social,English,French
367,2025-06-27T22:23:00,ES,referral,English,English
368,2025-06-27T22:52:00,MX,organic,English,Japanese
369,2025-06-27T11:39:00,Pl,social,English,French
370,2025-06-27T13:44:00,us,referral,English,German
371,2025-06-27T11:01:00,UK,social,English,Spanish
372,2025-06-27T11:37:00,FR,paid_search,English,French
373,2025-06-27T18:06:00,Pl,paid_search,English,Spanish
374,2025-06-27T18:16:00,FR,paid_search,English,Spanish
375,2025-06-27T10:33:00,FR,social,English,English
376,2025-06-28T08:00:00,US,referral,English,French
377,2025-06-28T15:46:00,GB,referral,English,Spanish
378,2025-06-28T19:28:00,ES,app_store,English,German
379,2025-06-28T08:12:00,us,organic,English,Japanese
380,2025-06-28T16:01:00,FR,organic,English,French
381,2025-06-28T04:06:00,ES,organic,English,German
382,2025-06-28T03:39:00, US,organic,English,German
383,2025-06-28T05:03:00,FR,organic,English,German
384,2025-06-28T22:36:00,pl ,referral,English,French
385,2025-06-28T22:41:00,US,organic,English,Spanish
386,2025-06-28T11:37:00,DE,referral,English,Spanish
387,2025-06-28T18:06:00,MX,paid_search,English,Italian
388,2025-06-28T23:26:00,DE,paid_search,English,Spanish
389,2025-06-28T11:56:00,FR,paid_search,English,English
390,2025-06-28T22:10:00,IN,app_store,English,French
391,2025-06-28T12:29:00,ES,app_store,English,English
392,2025-06-28T19:23:00,FR,paid_search,English,German
393,2025-06-28T15:19:00,DE,organic,English,French
394,2025-06-29T20:01:00,UK,organic,English,Italian
395,2025-06-29T10:25:00,ES,social,English,German
396,2025-06-29T19:55:00,MX,organic,English,Italian
397,2025-06-29T06:27:00,FR,paid_search,English,German
398,2025-06-29T06:39:00,ES,paid_search,English,German
399,2025-06-29T23:20:00,FR,organic,English,Japanese
400,2025-06-29T07:09:00,us,organic,English,Italian
401,2025-06-29T05:46:00,IN,social,English,Japanese
402,2025-06-29T06:31:00,br,app_store,English,French
403,2025-06-29T02:40:00,br,app_store,English,Spanish
404,2025-06-29T09:06:00,IN,paid_search,English,English
405,2025-06-29T00:36:00,MX,social,English,Spanish
406,2025-06-29T13:04:00,MX,social,English,Spanish
407,2025-06-29T20:14:00,DE,paid_search,English,German
408,2025-06-29T13:47:00, US,referral,English,French
409,2025-06-29T08:51:00,MX,organic,English,Japanese
410,2025-06-29T03:26:00,JP,paid_search,English,Italian
411,2025-06-29T12:14:00,Pl,app_store,English,Italian
412,2025-06-30T20:11:00,IN,paid_search,English,English
413,2025-06-30T13:22:00,IN,organic,English,German
414,2025-06-30T12:28:00,IN,paid_search,English,Japanese
415,2025-06-30T17:36:00,MX,paid_search,English,English
416,2025-06-30T03:25:00,FR,organic,English,English
417,2025-06-30T05:50:00,GB,organic,English,French
418,2025-06-30T20:03:00,GB,paid_search,English,Japanese
419,2025-06-30T10:41:00,ES,organic,English,Japanese
420,2025-06-30T02:22:00,JP,social,English,Spanish
421,2025-06-30T13:27:00, US,organic,English,Japanese
422,2025-06-30T03:34:00,ES,organic,English,French
423,2025-06-30T02:30:00,de,paid_search,English,French
424,2025-06-30T09:58:00,IN,organic,English,Japanese
425,2025-06-30T23:52:00,JP,social,English,German
426,2025-06-30T03:25:00,ES,organic,English,French
427,2025-07-01T08:59:00,BR,organic,English,English
428,2025-07-01T16:32:00,PL,app_store,English,German
429,2025-07-01T07:56:00, US,organic,English,English
430,2025-07-01T01:00:00,Pl,organic,English,Italian
431,2025-07-01T01:54:00,br,organic,English,Japanese
432,2025-07-01T10:59:00,GB,app_store,English,French
433,2025-07-01T18:11:00,FR,organic,English,French
434,2025-07-01T04:05:00,MX,referral,English,Spanish
435,2025-07-01T12:49:00,GB,referral,English,English
436,2025-07-01T22:37:00,FR,social,English,Spanish
437,2025-07-01T13:23:00,FR,referral,English,Japanese
438,2025-07-01T23:26:00,Pl,paid_search,English,German
439,2025-07-01T20:23:00,ES,organic,English,French
440,2025-07-01T02:05:00,FR,organic,English,Japanese
441,2025-07-01T17:26:00,GB,social,English,English
442,2025-07-02T00:18:00,US,organic,English,French
443,2025-07-02T19:13:00,MX,paid_search,English,Japanese
444,2025-07-02T20:58:00,MX,organic,English,Japanese
445,2025-07-02T08:09:00, US,organic,English,Spanish
446,2025-07-02T13:21:00,de,paid_search,English,Japanese
447,2025-07-02T19:12:00,JP,referral,English,English
448,2025-07-02T15:51:00,JP,app_store,English,Spanish
449,2025-07-02T02:05:00,FR,organic,English,German
450,2025-07-02T14:56:00,ES,organic,English,French
451,2025-07-02T02:32:00,GB,organic,English,French
452,2025-07-02T15:10:00,de,paid_search,English,Italian
453,2025-07-02T18:43:00,Pl,app_store,English,French
454,2025-07-02T04:49:00,GB,paid_search,English,Japanese
455,2025-07-02T00:30:00,br,app_store,English,German
456,2025-07-02T11:30:00,us,paid_search,English,English
457,2025-07-03T17:35:00,US,social,English,French
458,2025-07-03T01:35:00,JP,paid_search,English,English
459,2025-07-03T21:16:00,ES,organic,English,German
460,2025-07-03T19:43:00,IN,social,English,Japanese
461,2025-07-03T10:27:00,MX,referral,English,Japanese
462,2025-07-03T15:18:00,GB,social,English,Italian
463,2025-07-03T22:57:00,JP,organic,English,Japanese
464,2025-07-03T15:48:00,ES,paid_search,English,Spanish
465,2025-07-03T11:27:00,UK,social,English,French
466,2025-07-03T03:23:00,FR,social,English,French
467,2025-07-03T17:13:00,de,organic,English,Japanese
468,2025-07-03T02:57:00,de,organic,English,Spanish
469,2025-07-03T06:19:00,FR,referral,English,Japanese
470,2025-07-03T18:10:00,UK,organic,English,Italian
471,2025-07-03T18:28:00,FR,organic,English,German
472,2025-07-04T05:18:00,pl ,paid_search,English,Spanish
473,2025-07-04T16:08:00,IN,paid_search,English,Spanish
474,2025-07-04T18:34:00,Pl,referral,English,French
475,2025-07-04T10:49:00,ES,organic,English,German
476,2025-07-04T04:10:00,FR,paid_search,English,German
477,2025-07-04T17:14:00,FR,social,English,French
478,2025-07-04T04:16:00,FR,organic,English,Spanish
479,2025-07-04T16:18:00,ES,organic,English,English
480,2025-07-04T12:45:00,PL,paid_search,English,English
481,2025-07-04T15:01:00,JP,app_store,English,English
482,2025-07-04T14:26:00,ES,app_store,English,English
483,2025-07-04T18:21:00,BR,organic,English,Italian
484,2025-07-04T13:28:00,us,paid_search,English,German
485,2025-07-04T13:45:00,ES,referral,English,Japanese
486,2025-07-04T02:42:00,MX,social,English,French
487,2025-07-05T20:46:00, US,referral,English,Spanish
488,2025-07-05T03:18:00,IN,paid_search,English,Italian
489,2025-07-05T19:36:00,pl ,organic,English,English
490,2025-07-05T13:36:00,MX,organic,English,French
491,2025-07-05T04:44:00,PL,app_store,English,Italian
492,2025-07-05T01:50:00,ES,social,English,Italian
493,2025-07-05T17:10:00,DE,organic,English,Italian
494,2025-07-05T21:46:00,MX,social,English,Spanish
495,2025-07-05T19:25:00,MX,organic,English,French
496,2025-07-05T23:33:00,FR,paid_search,English,French
497,2025-07-05T10:41:00,MX,social,English,French
498,2025-07-05T18:34:00,JP,referral,English,German
499,2025-07-05T05:40:00,IN,paid_search,English,Spanish
500,2025-07-05T23:52:00,FR,organic,English,Spanish
501,2025-07-05T12:43:00,IN,organic,English,Italian
502,2025-07-05T09:20:00,de,organic,English,French
503,2025-07-05T04:11:00,de,paid_search,English,German
504,2025-07-05T20:31:00,UK,social,English,Spanish
505,2025-07-05T03:24:00,MX,paid_search,English,French
506,2025-07-06T01:14:00,MX,social,English,Spanish
507,2025-07-06T23:05:00,GB,organic,English,German
508,2025-07-06T04:24:00,DE,organic,English,French
509,2025-07-06T05:54:00,UK,organic,English,Italian
510,2025-07-06T06:07:00,JP,organic,English,French
511,2025-07-06T22:30:00,us,organic,English,German
512,2025-07-06T15:23:00,IN,organic,English,Spanish
513,2025-07-06T18:38:00,DE,organic,English,Italian
514,2025-07-06T22:36:00,FR,referral,English,English
515,2025-07-06T05:31:00,US,referral,English,Japanese
516,2025-07-06T02:37:00,FR,social,English,Japanese
517,2025-07-06T02:46:00,DE,social,English,English
518,2025-07-06T10:03:00,MX,paid_search,English,English
519,2025-07-06T17:02:00,MX,social,English,Italian
520,2025-07-06T06:25:00,JP,organic,English,Spanish
521,2025-07-06T12:40:00,FR,paid_search,English,Japanese
522,2025-07-06T09:49:00,IN,app_store,English,Italian
523,2025-07-06T05:46:00,UK,social,English,French
524,2025-07-06T19:11:00,BR,app_store,English,Italian
525,2025-07-07T17:48:00, US,app_store,English,German
526,2025-07-07T08:38:00,FR,paid_search,English,Spanish
527,2025-07-07T05:05:00,MX,paid_search,English,Japanese
528,2025-07-07T02:17:00,IN,social,English,Japanese
529,2025-07-07T14:58:00,FR,referral,English,Italian
530,2025-07-07T05:46:00,FR,organic,English,French
531,2025-07-07T07:39:00,JP,referral,English,English
532,2025-07-07T10:13:00, US,paid_search,English,Italian
533,2025-07-07T11:28:00,JP,organic,English,Spanish
534,2025-07-07T20:45:00,IN,organic,English,Spanish
535,2025-07-07T22:52:00,ES,social,English,Spanish
536,2025-07-07T06:31:00,br,social,English,Italian
537,2025-07-07T07:12:00,IN,paid_search,English,German
538,2025-07-07T19:14:00,UK,organic,English,French
539,2025-07-07T23:26:00,FR,social,English,Italian
540,2025-07-08T17:55:00,FR,paid_search,English,Japanese
541,2025-07-08T10:03:00,de,organic,English,Spanish
542,2025-07-08T20:48:00,IN,organic,English,English
543,2025-07-08T03:08:00,BR,app_store,English,English
544,2025-07-08T22:49:00,JP,organic,English,French
545,2025-07-08T05:07:00,PL,organic,English,German
546,2025-07-08T01:59:00,US,organic,English,Spanish
547,2025-07-08T19:44:00,br,social,English,Spanish
548,2025-07-08T09:52:00,JP,social,English,German
549,2025-07-08T22:42:00,BR,organic,English,German
550,2025-07-08T11:04:00,DE,social,English,Italian
551,2025-07-08T10:09:00,Pl,referral,English,French
552,2025-07-08T07:57:00,JP,referral,English,Italian
553,2025-07-08T01:52:00,IN,organic,English,Italian
554,2025-07-08T05:27:00,UK,app_store,English,Spanish
555,2025-07-09T23:34:00,PL,paid_search,English,French
556,2025-07-09T14:26:00,pl ,social,English,English
557,2025-07-09T07:41:00,de,social,English,Italian
558,2025-07-09T01:45:00,JP,paid_search,English,German
559,2025-07-09T02:59:00,ES,paid_search,English,French
560,2025-07-09T17:46:00,IN,referral,English,French
561,2025-07-09T13:02:00,ES,paid_search,English,Italian
562,2025-07-09T11:04:00,br,app_store,English,English
563,2025-07-09T23:31:00,ES,social,English,English
564,2025-07-09T02:04:00,GB,paid_search,English,Japanese
565,2025-07-09T22:20:00,BR,paid_search,English,English
566,2025-07-09T12:27:00,MX,organic,English,German
567,2025-07-09T03:05:00,pl ,paid_search,English,Spanish
568,2025-07-09T18:32:00,FR,organic,English,Italian
569,2025-07-09T13:58:00,PL,app_store,English,English
570,2025-07-10T09:37:00,DE,social,English,French
571,2025-07-10T09:17:00,FR,organic,English,Italian
572,2025-07-10T21:56:00,pl ,social,English,German
573,2025-07-10T08:59:00,IN,organic,English,Italian
574,2025-07-10T08:15:00,Pl,paid_search,English,French
575,2025-07-10T23:00:00,UK,paid_search,English,German
576,2025-07-10T17:51:00,JP,app_store,English,French
577,2025-07-10T09:31:00,Pl,organic,English,Italian
578,2025-07-10T10:14:00,MX,app_store,English,English
579,2025-07-10T21:34:00,MX,organic,English,Italian
580,2025-07-10T07:38:00,us,paid_search,English,French
581,2025-07-10T13:38:00,BR,social,English,German
582,2025-07-10T08:25:00,IN,organic,English,French
583,2025-07-10T04:31:00,ES,paid_search,English,English
584,2025-07-10T05:06:00, US,paid_search,English,French
585,2025-07-11T23:18:00,US,social,English,French
586,2025-07-11T06:41:00,IN,organic,English,Spanish
587,2025-07-11T13:48:00,MX,referral,English,Spanish
588,2025-07-11T03:31:00,de,paid_search,English,Italian
589,2025-07-11T09:04:00,ES,referral,English,Japanese
590,2025-07-11T03:00:00,IN,organic,English,Japanese
591,2025-07-11T08:32:00,MX,organic,English,English
592,2025-07-11T19:39:00,PL,paid_search,English,Italian
593,2025-07-11T22:52:00,MX,organic,English,German
594,2025-07-11T11:46:00,MX,organic,English,German
595,2025-07-11T01:06:00,GB,social,English,German
596,2025-07-11T07:26:00,us,social,English,Japanese
597,2025-07-11T18:31:00,JP,social,English,Italian
598,2025-07-11T02:51:00,us,social,English,Italian
599,2025-07-11T04:02:00,Pl,paid_search,English,French
600,2025-07-12T09:04:00,DE,referral,English,Japanese
601,2025-07-12T10:12:00,MX,app_store,English,Japanese
602,2025-07-12T07:55:00,us,organic,English,English
603,2025-07-12T18:42:00,IN,app_store,English,English
604,2025-07-12T23:11:00,pl ,organic,English,Spanish
605,2025-07-12T01:36:00,IN,social,English,German
606,2025-07-12T15:34:00,ES,organic,English,Japanese
607,2025-07-12T17:04:00,UK,referral,English,Italian
608,2025-07-12T11:43:00,br,organic,English,English
609,2025-07-12T03:43:00,MX,organic,English,English
610,2025-07-12T09:13:00,de,app_store,English,German
611,2025-07-12T17:05:00,BR,referral,English,Japanese
612,2025-07-12T04:51:00,FR,organic,English,Japanese
613,2025-07-12T11:55:00,JP,organic,English,Spanish
614,2025-07-12T15:59:00,JP,organic,English,German
615,2025-07-12T16:40:00, US,organic,English,German
616,2025-07-12T11:45:00,ES,organic,English,Italian
617,2025-07-12T08:01:00,br,paid_search,English,French
618,2025-07-12T00:26:00,IN,app_store,English,French
619,2025-07-13T04:06:00,JP,referral,English,Italian
620,2025-07-13T06:08:00,ES,organic,English,French
621,2025-07-13T03:02:00,JP,organic,English,German
622,2025-07-13T05:26:00,de,paid_search,English,German
623,2025-07-13T06:25:00,PL,social,English,French
624,2025-07-13T07:39:00,FR,organic,English,German
625,2025-07-13T10:14:00,us,organic,English,German
626,2025-07-13T19:00:00,GB,paid_search,English,French
627,2025-07-13T03:01:00,br,organic,English,Japanese
628,2025-07-13T10:44:00,IN,social,English,Spanish
629,2025-07-13T22:19:00,IN,social,English,Spanish
630,2025-07-13T18:54:00,PL,social,English,Japanese
631,2025-07-13T06:55:00,JP,app_store,English,Italian
632,2025-07-13T08:26:00, US,organic,English,Japanese
633,2025-07-13T08:05:00,UK,organic,English,Spanish
634,2025-07-13T02:50:00,ES,organic,English,Spanish
635,2025-07-13T03:58:00,ES,paid_search,English,Spanish
636,2025-07-13T04:03:00,de,organic,English,English
637,2025-07-13T12:02:00,GB,paid_search,English,Spanish
638,2025-07-13T17:30:00,MX,app_store,English,English
639,2025-07-14T21:30:00,Pl,paid_search,English,English
640,2025-07-14T06:24:00,de,organic,English,French
641,2025-07-14T21:58:00,BR,organic,English,French
642,2025-07-14T00:24:00,DE,organic,English,Italian
643,2025-07-14T11:10:00,JP,social,English,German
644,2025-07-14T12:21:00,pl ,social,English,German
645,2025-07-14T11:39:00,ES,referral,English,German
646,2025-07-14T13:15:00,US,app_store,English,German
647,2025-07-14T17:02:00,FR,paid_search,English,Japanese
648,2025-07-14T22:14:00,de,organic,English,Italian
649,2025-07-14T19:54:00,Pl,social,English,Spanish
650,2025-07-14T09:42:00,UK,organic,English,English
651,2025-07-14T03:06:00,br,paid_search,English,Italian
652,2025-07-14T10:36:00,DE,app_store,English,Spanish
653,2025-07-14T06:15:00,JP,organic,English,Spanish
654,2025-07-14T05:20:00,GB,organic,English,German
655,2025-07-15T06:11:00,Pl,organic,English,German
656,2025-07-15T08:20:00,MX,organic,English,French
657,2025-07-15T00:13:00,JP,social,English,French
658,2025-07-15T23:21:00,br,paid_search,English,Italian
659,2025-07-15T22:18:00,BR,social,English,Italian
660,2025-07-15T20:28:00,UK,paid_search,English,Spanish
661,2025-07-15T17:48:00,UK,app_store,English,French
662,2025-07-15T02:55:00,ES,social,English,English
663,2025-07-15T02:16:00,us,organic,English,Italian
664,2025-07-15T17:47:00,UK,referral,English,Japanese
665,2025-07-15T02:45:00,FR,paid_search,English,French
666,2025-07-15T01:39:00,IN,organic,English,German
667,2025-07-15T09:51:00,MX,referral,English,German
668,2025-07-15T06:51:00,de,paid_search,English,Italian
669,2025-07-15T17:30:00,FR,paid_search,English,German
670,2025-07-15T08:30:00,PL,organic,English,Spanish
671,2025-07-16T13:33:00,JP,referral,English,German
672,2025-07-16T06:40:00,MX,social,English,English
673,2025-07-16T23:34:00,ES,organic,English,English
674,2025-07-16T12:33:00,MX,referral,English,French
675,2025-07-16T14:18:00,FR,app_store,English,French
676,2025-07-16T02:21:00,MX,social,English,Japanese
677,2025-07-16T01:20:00,pl ,referral,English,Spanish
678,2025-07-16T12:30:00,US,social,English,French
679,2025-07-16T02:23:00,FR,referral,English,English
680,2025-07-16T04:15:00,PL,paid_search,English,German
681,2025-07-16T11:26:00,GB,organic,English,Spanish
682,2025-07-16T23:45:00,GB,referral,English,French
683,2025-07-16T18:55:00,ES,organic,English,English
684,2025-07-16T14:55:00,de,organic,English,English
685,2025-07-16T08:40:00,FR,paid_search,English,German
686,2025-07-16T04:33:00,FR,organic,English,English
687,2025-07-17T16:36:00,ES,organic,English,Spanish
688,2025-07-17T15:06:00,DE,social,English,German
689,2025-07-17T19:56:00, US,referral,English,Italian
690,2025-07-17T03:51:00,ES,organic,English,French
691,2025-07-17T12:28:00,IN,organic,English,French
692,2025-07-17T08:32:00,ES,organic,English,French
693,2025-07-17T04:41:00,DE,social,English,French
694,2025-07-17T05:20:00,FR,paid_search,English,English
695,2025-07-17T00:22:00,GB,app_store,English,Japanese
696,2025-07-17T12:07:00,Pl,social,English,German
697,2025-07-17T17:25:00, US,app_store,English,Italian
698,2025-07-17T11:01:00,IN,paid_search,English,Spanish
699,2025-07-17T03:42:00, US,paid_search,English,Spanish
700,2025-07-17T20:52:00,UK,social,English,Japanese
701,2025-07-17T18:35:00,ES,referral,English,English
702,2025-07-17T00:05:00,us,organic,English,Spanish
703,2025-07-18T18:38:00,IN,paid_search,English,Spanish
704,2025-07-18T21:20:00,de,organic,English,Italian
705,2025-07-18T02:29:00,JP,social,English,English
706,2025-07-18T04:16:00,US,app_store,English,Spanish
707,2025-07-18T14:36:00,GB,organic,English,French
708,2025-07-18T00:04:00,JP,organic,English,Italian
709,2025-07-18T00:57:00,IN,app_store,English,Italian
710,2025-07-18T18:12:00,FR,paid_search,English,German
711,2025-07-18T10:05:00,IN,paid_search,English,French
712,2025-07-18T10:17:00,br,referral,English,Japanese
713,2025-07-18T19:04:00,MX,organic,English,Spanish
714,2025-07-18T18:21:00,DE,organic,English,French
715,2025-07-18T18:49:00,DE,app_store,English,English
716,2025-07-18T22:04:00,US,organic,English,German
717,2025-07-18T06:23:00,Pl,organic,English,Spanish
718,2025-07-18T03:34:00,DE,paid_search,English,German
719,2025-07-19T09:18:00,de,organic,English,Italian
720,2025-07-19T02:41:00,ES,referral,English,Italian
721,2025-07-19T13:34:00,FR,organic,English,French
722,2025-07-19T16:04:00,de,organic,English,Italian
723,2025-07-19T17:00:00,US,referral,English,Italian
724,2025-07-19T01:05:00,IN,organic,English,English
725,2025-07-19T13:51:00, US,paid_search,English,French
726,2025-07-19T10:17:00,UK,paid_search,English,Spanish
727,2025-07-19T21:59:00,BR,referral,English,Spanish
728,2025-07-19T01:17:00,MX,referral,English,German
729,2025-07-19T15:55:00,de,organic,English,Italian
730,2025-07-19T01:21:00,ES,paid_search,English,French
731,2025-07-19T10:19:00,ES,organic,English,Italian
732,2025-07-19T20:21:00,PL,referral,English,Spanish
733,2025-07-19T14:34:00,PL,social,English,English
734,2025-07-19T02:14:00,IN,organic,English,Japanese
735,2025-07-19T02:02:00,US,app_store,English,Italian
736,2025-07-19T01:20:00,Pl,organic,English,English
737,2025-07-19T08:45:00,br,organic,English,German
738,2025-07-19T14:11:00,FR,organic,English,English
739,2025-07-20T04:30:00,FR,paid_search,English,Spanish
740,2025-07-20T14:13:00,JP,social,English,Italian
741,2025-07-20T21:23:00,ES,organic,English,Italian
742,2025-07-20T13:44:00,BR,organic,English,Japanese
743,2025-07-20T12:40:00,MX,app_store,English,German
744,2025-07-20T04:32:00,ES,paid_search,English,German
745,2025-07-20T09:14:00,de,organic,English,Japanese
746,2025-07-20T22:45:00,IN,organic,English,Spanish
747,2025-07-20T18:50:00,GB,app_store,English,English
748,2025-07-20T02:04:00,GB,social,English,Italian
749,2025-07-20T18:03:00,Pl,social,English,English
750,2025-07-20T11:19:00,br,app_store,English,Italian
751,2025-07-20T14:11:00,us,paid_search,English,Italian
752,2025-07-20T09:59:00,GB,organic,English,Spanish
753,2025-07-20T12:20:00,JP,paid_search,English,German
754,2025-07-20T01:28:00,us,paid_search,English,Italian
755,2025-07-20T08:39:00,br,social,English,Italian
756,2025-07-20T18:47:00,pl ,paid_search,English,Spanish
757,2025-07-20T18:06:00,JP,organic,English,English
758,2025-07-20T23:52:00,br,organic,English,Italian
759,2025-07-20T14:10:00,FR,social,English,French
760,2025-07-21T19:22:00,IN,paid_search,English,Japanese
761,2025-07-21T08:43:00,pl ,referral,English,Spanish
762,2025-07-21T08:31:00,GB,organic,English,German
763,2025-07-21T03:22:00,GB,organic,English,English
764,2025-07-21T09:30:00,MX,organic,English,English
765,2025-07-21T05:20:00,DE,organic,English,Italian
766,2025-07-21T18:48:00,IN,organic,English,Italian
767,2025-07-21T14:54:00,MX,paid_search,English,English
768,2025-07-21T01:57:00,de,referral,English,Japanese
769,2025-07-21T23:33:00,br,referral,English,French
770,2025-07-21T11:11:00,JP,social,English,Spanish
771,2025-07-21T22:29:00,UK,organic,English,English
772,2025-07-21T14:56:00,us,paid_search,English,English
773,2025-07-21T15:52:00,GB,paid_search,English,English
774,2025-07-21T06:05:00,de,referral,English,French
775,2025-07-21T03:01:00,FR,paid_search,English,French
776,2025-07-21T05:21:00,MX,paid_search,English,Spanish
777,2025-07-22T08:46:00,IN,app_store,English,Japanese
778,2025-07-22T03:57:00,ES,app_store,English,English
779,2025-07-22T19:15:00,MX,social,English,Japanese
780,2025-07-22T15:30:00,JP,organic,English,Italian
781,2025-07-22T22:54:00,us,social,English,Spanish
782,2025-07-22T07:00:00,FR,paid_search,English,French
783,2025-07-22T00:26:00,br,organic,English,German
784,2025-07-22T12:53:00,DE,app_store,English,German
785,2025-07-22T14:19:00,de,paid_search,English,French
786,2025-07-22T11:06:00,pl ,app_store,English,French
787,2025-07-22T13:41:00,Pl,organic,English,Spanish
788,2025-07-22T11:52:00,PL,social,English,Japanese
789,2025-07-22T02:44:00,JP,paid_search,English,Italian
790,2025-07-22T07:23:00,JP,organic,English,Italian
791,2025-07-22T11:39:00,US,organic,English,English
792,2025-07-22T13:38:00,JP,referral,English,Italian
793,2025-07-22T13:09:00,FR,social,English,Japanese
794,2025-07-23T20:55:00,IN,app_store,English,Spanish
795,2025-07-23T00:17:00,FR,organic,English,English
796,2025-07-23T04:21:00,GB,paid_search,English,English
797,2025-07-23T04:09:00,FR,paid_search,English,Spanish
798,2025-07-23T20:46:00,ES,referral,English,Italian
799,2025-07-23T20:07:00,JP,organic,English,Italian
800,2025-07-23T11:05:00,MX,paid_search,English,English
801,2025-07-23T13:57:00,MX,paid_search,English,English
802,2025-07-23T12:27:00,JP,social,English,German
803,2025-07-23T02:08:00,us,organic,English,Japanese
804,2025-07-23T15:03:00,GB,referral,English,English
805,2025-07-23T12:29:00,IN,social,English,Spanish
806,2025-07-23T03:29:00,PL,referral,English,French
807,2025-07-23T19:54:00,br,referral,English,English
808,2025-07-23T08:13:00,MX,app_store,English,English
809,2025-07-23T03:25:00,br,organic,English,Japanese
810,2025-07-23T06:40:00,US,organic,English,Japanese
811,2025-07-24T19:53:00,ES,social,English,Italian
812,2025-07-24T04:25:00,BR,organic,English,German
813,2025-07-24T19:22:00,PL,social,English,Italian
814,2025-07-24T23:34:00,GB,organic,English,English
815,2025-07-24T21:20:00,IN,social,English,Italian
816,2025-07-24T15:10:00, US,app_store,English,French
817,2025-07-24T05:48:00,ES,social,English,Spanish
818,2025-07-24T21:55:00,ES,organic,English,German
819,2025-07-24T12:06:00,br,referral,English,French
820,2025-07-24T09:54:00,JP,organic,English,German
821,2025-07-24T11:33:00,de,referral,English,Japanese
822,2025-07-24T17:34:00,us,social,English,German
823,2025-07-24T10:17:00,BR,paid_search,English,French
824,2025-07-24T05:30:00,BR,referral,English,German
825,2025-07-24T17:03:00,JP,referral,English,German
826,2025-07-24T20:16:00,BR,paid_search,English,Japanese
827,2025-07-24T18:44:00,pl ,social,English,French
828,2025-07-25T06:29:00,de,app_store,English,German
829,2025-07-25T01:52:00,FR,app_store,English,German
830,2025-07-25T04:09:00,IN,referral,English,Japanese
831,2025-07-25T22:23:00, US,social,English,English
832,2025-07-25T12:01:00,JP,referral,English,German
833,2025-07-25T17:01:00,BR,referral,English,French
834,2025-07-25T08:10:00,pl ,app_store,English,Japanese
835,2025-07-25T05:18:00,US,organic,English,Spanish
836,2025-07-25T23:13:00,IN,paid_search,English,Japanese
837,2025-07-25T09:00:00,MX,paid_search,English,Japanese
838,2025-07-25T22:48:00,BR,paid_search,English,German
839,2025-07-25T04:15:00,ES,social,English,Italian
840,2025-07-25T03:09:00,FR,referral,English,German
841,2025-07-25T00:42:00,IN,paid_search,English,French
842,2025-07-25T08:33:00,US,paid_search,English,Italian
843,2025-07-25T01:31:00,DE,paid_search,English,Italian
844,2025-07-25T02:18:00,MX,organic,English,English
845,2025-07-26T18:51:00,pl ,social,English,French
846,2025-07-26T18:11:00,Pl,organic,English,German
847,2025-07-26T05:02:00,MX,referral,English,Italian
848,2025-07-26T01:34:00,de,social,English,English
849,2025-07-26T12:41:00,IN,social,English,Japanese
850,2025-07-26T10:39:00,br,organic,English,English
851,2025-07-26T07:01:00,BR,app_store,English,Japanese
852,2025-07-26T02:40:00,ES,referral,English,Italian
853,2025-07-26T06:09:00,MX,social,English,French
854,2025-07-26T03:02:00,IN,social,English,Japanese
855,2025-07-26T15:38:00,FR,paid_search,English,Spanish
856,2025-07-26T12:08:00,pl ,organic,English,Spanish
857,2025-07-26T15:13:00,us,organic,English,Italian
858,2025-07-26T05:41:00,JP,paid_search,English,Japanese
859,2025-07-26T10:23:00,MX,referral,English,Italian
860,2025-07-26T11:44:00,US,referral,English,English
861,2025-07-26T13:31:00,us,organic,English,Japanese
862,2025-07-26T18:46:00,JP,app_store,English,Spanish
863,2025-07-26T14:03:00,ES,paid_search,English,Japanese
864,2025-07-26T06:14:00,de,social,English,French
865,2025-07-26T04:54:00,GB,organic,English,French
866,2025-07-26T04:41:00,IN,organic,English,German
867,2025-07-27T11:33:00,us,paid_search,English,French
868,2025-07-27T10:06:00,Pl,organic,English,Italian
869,2025-07-27T14:03:00,JP,app_store,English,English
870,2025-07-27T22:44:00,MX,paid_search,English,French
871,2025-07-27T19:48:00,pl ,organic,English,Italian
872,2025-07-27T10:32:00,IN,referral,English,German
873,2025-07-27T16:21:00,UK,social,English,German
874,2025-07-27T12:22:00,pl ,social,English,Spanish
875,2025-07-27T10:32:00,FR,organic,English,German
876,2025-07-27T05:22:00,UK,organic,English,Japanese
877,2025-07-27T01:46:00, US,organic,English,German
878,2025-07-27T10:18:00,Pl,organic,English,Japanese
879,2025-07-27T06:56:00,GB,paid_search,English,Japanese
880,2025-07-27T17:00:00,DE,paid_search,English,Italian
881,2025-07-27T05:19:00,br,paid_search,English,Spanish
882,2025-07-27T02:50:00,IN,paid_search,English,German
883,2025-07-27T22:13:00,PL,social,English,English
884,2025-07-27T00:01:00,ES,organic,English,English
885,2025-07-27T21:13:00,DE,paid_search,English,French
886,2025-07-27T12:32:00,FR,organic,English,Spanish
887,2025-07-27T02:18:00,de,organic,English,German
888,2025-07-27T07:13:00,BR,app_store,English,Spanish
889,2025-07-28T02:42:00,FR,organic,English,Spanish
890,2025-07-28T23:34:00,IN,social,English,Japanese
891,2025-07-28T23:43:00,BR,app_store,English,German
892,2025-07-28T20:37:00,pl ,organic,English,German
893,2025-07-28T22:18:00,ES,app_store,English,Spanish
894,2025-07-28T09:40:00,ES,app_store,English,Japanese
895,2025-07-28T01:24:00,br,paid_search,English,Japanese
896,2025-07-28T20:08:00,UK,social,English,Japanese
897,2025-07-28T10:19:00,DE,organic,English,French
898,2025-07-28T21:02:00,IN,social,English,Italian
899,2025-07-28T13:00:00,MX,organic,English,Spanish
900,2025-07-28T14:03:00,JP,paid_search,English,French
901,2025-07-28T09:35:00,JP,organic,English,German
902,2025-07-28T12:35:00,JP,organic,English,English
903,2025-07-28T17:52:00,br,paid_search,English,Italian
904,2025-07-28T07:42:00,GB,organic,English,Japanese
905,2025-07-28T03:59:00, US,referral,English,French
906,2025-07-29T04:39:00,MX,paid_search,English,French
907,2025-07-29T07:32:00,de,app_store,English,Japanese
908,2025-07-29T22:09:00,IN,social,English,French
909,2025-07-29T11:54:00,de,organic,English,Japanese
910,2025-07-29T03:31:00,JP,organic,English,Spanish
911,2025-07-29T21:08:00,JP,app_store,English,Italian
912,2025-07-29T02:44:00,MX,organic,English,Japanese
913,2025-07-29T13:20:00,MX,organic,English,French
914,2025-07-29T13:59:00,DE,paid_search,English,French
915,2025-07-29T06:07:00,JP,app_store,English,English
916,2025-07-29T09:49:00,BR,social,English,Japanese
917,2025-07-29T17:36:00,Pl,social,English,Italian
918,2025-07-29T17:05:00,Pl,organic,English,Japanese
919,2025-07-29T05:29:00,GB,paid_search,English,English
920,2025-07-29T04:36:00,de,referral,English,Italian
921,2025-07-29T07:54:00,de,paid_search,English,Spanish
922,2025-07-29T19:39:00,ES,organic,English,English
923,2025-07-30T18:05:00,MX,referral,English,Japanese
924,2025-07-30T11:14:00,BR,organic,English,Italian
925,2025-07-30T18:39:00,FR,organic,English,Japanese
926,2025-07-30T01:45:00,FR,organic,English,Italian
927,2025-07-30T21:29:00,FR,social,English,Italian
928,2025-07-30T06:52:00,br,app_store,English,French
929,2025-07-30T13:19:00,us,organic,English,French
930,2025-07-30T17:35:00,FR,paid_search,English,German
931,2025-07-30T07:24:00,DE,organic,English,English
932,2025-07-30T00:36:00,IN,organic,English,German
933,2025-07-30T09:03:00,GB,organic,English,French
934,2025-07-30T23:07:00,de,social,English,English
935,2025-07-30T07:11:00,us,organic,English,Japanese
936,2025-07-30T22:40:00,Pl,paid_search,English,German
937,2025-07-30T05:58:00,GB,social,English,German
938,2025-07-30T22:47:00,JP,referral,English,French
939,2025-07-30T02:49:00,ES,social,English,Japanese
940,2025-07-30T14:51:00,JP,social,English,German
941,2025-07-31T03:50:00,DE,organic,English,French
942,2025-07-31T19:26:00,BR,referral,English,French
943,2025-07-31T08:04:00,FR,paid_search,English,German
944,2025-07-31T04:08:00,JP,paid_search,English,Italian
945,2025-07-31T00:31:00,FR,referral,English,English
946,2025-07-31T17:05:00,br,app_store,English,Japanese
947,2025-07-31T00:36:00,FR,social,English,Italian
948,2025-07-31T05:13:00,PL,social,English,Spanish
949,2025-07-31T18:49:00,FR,organic,English,Italian
950,2025-07-31T04:27:00,MX,paid_search,English,German
951,2025-07-31T22:23:00,UK,app_store,English,French
952,2025-07-31T09:57:00,IN,paid_search,English,English
953,2025-07-31T06:05:00,US,organic,English,German
954,2025-07-31T04:56:00,de,organic,English,Spanish
955,2025-07-31T16:45:00,MX,social,English,Spanish
956,2025-07-31T13:19:00,JP,social,English,German
957,2025-07-31T00:56:00,DE,organic,English,French
958,2025-07-31T17:35:00,FR,paid_search,English,Japanese
959,2025-08-01T15:09:00,ES,social,English,Spanish
960,2025-08-01T06:59:00,IN,organic,English,French
961,2025-08-01T07:48:00,MX,paid_search,English,French
962,2025-08-01T04:41:00,US,paid_search,English,French
963,2025-08-01T14:41:00,de,paid_search,English,English
964,2025-08-01T21:32:00,PL,organic,English,French
965,2025-08-01T12:45:00,UK,organic,English,English
966,2025-08-01T18:02:00,us,organic,English,Japanese
967,2025-08-01T11:59:00,DE,referral,English,Spanish
968,2025-08-01T15:02:00,ES,social,English,Italian
969,2025-08-01T20:17:00,DE,organic,English,Spanish
970,2025-08-01T07:21:00,br,organic,English,Spanish
971,2025-08-01T07:02:00,ES,organic,English,Spanish
972,2025-08-01T21:27:00,GB,app_store,English,Spanish
973,2025-08-01T22:08:00,MX,social,English,Spanish
974,2025-08-01T01:41:00,JP,organic,English,Spanish
975,2025-08-01T12:04:00,de,app_store,English,Japanese
976,2025-08-01T16:10:00,JP,app_store,English,Italian
977,2025-08-02T16:20:00,ES,referral,English,Spanish
978,2025-08-02T08:41:00,GB,paid_search,English,Japanese
979,2025-08-02T18:15:00,MX,paid_search,English,Italian
980,2025-08-02T00:03:00,de,social,English,Spanish
981,2025-08-02T20:08:00,DE,organic,English,French
982,2025-08-02T14:01:00,DE,social,English,Japanese
983,2025-08-02T15:45:00,pl ,paid_search,English,Japanese
984,2025-08-02T13:09:00,us,social,English,English
985,2025-08-02T22:48:00,FR,social,English,English
986,2025-08-02T22:50:00,BR,organic,English,French
987,2025-08-02T05:06:00, US,organic,English,Spanish
988,2025-08-02T16:58:00,de,paid_search,English,Italian
989,2025-08-02T20:44:00,DE,organic,English,German
990,2025-08-02T06:04:00,IN,organic,English,French
991,2025-08-02T19:02:00,br,social,English,French
992,2025-08-02T18:48:00,de,organic,English,Italian
993,2025-08-02T15:20:00,pl ,paid_search,English,French
994,2025-08-02T03:31:00,DE,organic,English,Spanish
995,2025-08-02T03:26:00, US,organic,English,French
996,2025-08-02T17:19:00,FR,referral,English,English
997,2025-08-02T17:55:00,br,organic,English,French
998,2025-08-02T13:17:00,IN,referral,English,German
999,2025-08-02T21:18:00,JP,app_store,English,German
1000,2025-08-03T13:24:00,BR,paid_search,English,Italian
1001,2025-08-03T06:48:00,US,organic,English,Spanish
1002,2025-08-03T13:11:00,PL,organic,English,Spanish
1003,2025-08-03T07:04:00,JP,paid_search,English,English
1004,2025-08-03T01:13:00,FR,organic,English,English
1005,2025-08-03T08:57:00,GB,app_store,English,Spanish
1006,2025-08-03T14:10:00,FR,social,English,Japanese
1007,2025-08-03T16:33:00,br,paid_search,English,German
1008,2025-08-03T03:19:00,br,social,English,Spanish
1009,2025-08-03T00:02:00,ES,organic,English,French
1010,2025-08-03T04:50:00,de,social,English,Spanish
1011,2025-08-03T00:05:00,ES,paid_search,English,German
1012,2025-08-03T14:43:00,FR,paid_search,English,Japanese
1013,2025-08-03T05:29:00,ES,app_store,English,German
1014,2025-08-03T22:29:00,UK,organic,English,German
1015,2025-08-03T22:28:00,DE,organic,English,English
1016,2025-08-03T02:43:00,MX,organic,English,English
1017,2025-08-03T04:01:00,us,organic,English,Japanese
1018,2025-08-03T22:48:00,de,paid_search,English,Italian
1019,2025-08-03T10:17:00,JP,organic,English,French
1020,2025-08-03T20:06:00,GB,organic,English,Spanish
1021,2025-08-03T00:58:00,FR,social,English,German
1022,2025-08-03T19:33:00,de,referral,English,English
1023,2025-08-04T02:50:00,ES,paid_search,English,Japanese
1024,2025-08-04T01:56:00,pl ,organic,English,French
1025,2025-08-04T05:27:00,us,organic,English,German
1026,2025-08-04T13:52:00,br,paid_search,English,French
1027,2025-08-04T08:44:00,de,organic,English,French
1028,2025-08-04T16:30:00,DE,social,English,Italian
1029,2025-08-04T14:52:00,de,organic,English,English
1030,2025-08-04T12:06:00, US,organic,English,Spanish
1031,2025-08-04T11:17:00,pl ,paid_search,English,English
1032,2025-08-04T13:40:00,ES,social,English,English
1033,2025-08-04T04:20:00,FR,paid_search,English,English
1034,2025-08-04T03:18:00,br,social,English,French
1035,2025-08-04T15:23:00,FR,paid_search,English,Spanish
1036,2025-08-04T21:31:00,US,referral,English,Spanish
1037,2025-08-04T08:30:00,de,organic,English,German
1038,2025-08-04T21:31:00,JP,app_store,English,German
1039,2025-08-04T06:08:00, US,app_store,English,Japanese
1040,2025-08-04T12:12:00,br,paid_search,English,Italian
1041,2025-08-05T22:31:00,MX,organic,English,German
1042,2025-08-05T03:23:00,IN,app_store,English,Italian
1043,2025-08-05T00:14:00,JP,app_store,English,Italian
1044,2025-08-05T01:43:00,IN,social,English,Spanish
1045,2025-08-05T15:51:00,ES,referral,English,Spanish
1046,2025-08-05T12:29:00,ES,referral,English,English
1047,2025-08-05T19:24:00,IN,organic,English,Japanese
1048,2025-08-05T12:43:00,IN,social,English,Spanish
1049,2025-08-05T03:32:00,MX,organic,English,Japanese
1050,2025-08-05T07:37:00,ES,social,English,French
1051,2025-08-05T18:42:00,US,referral,English,French
1052,2025-08-05T11:20:00,IN,social,English,Spanish
1053,2025-08-05T08:09:00,ES,paid_search,English,Italian
1054,2025-08-05T20:52:00, US,referral,English,English
1055,2025-08-05T13:10:00,UK,app_store,English,German
1056,2025-08-05T17:04:00,PL,organic,English,Japanese
1057,2025-08-05T07:26:00,ES,paid_search,English,Spanish
1058,2025-08-05T06:45:00,FR,organic,English,French
1059,2025-08-06T08:06:00,IN,organic,English,English
1060,2025-08-06T16:41:00, US,organic,English,English
1061,2025-08-06T00:41:00,IN,paid_search,English,Japanese
1062,2025-08-06T00:02:00,US,social,English,English
1063,2025-08-06T22:11:00,Pl,organic,English,Spanish
1064,2025-08-06T06:27:00,GB,organic,English,Italian
1065,2025-08-06T06:43:00,FR,social,English,Italian
1066,2025-08-06T14:23:00,US,organic,English,Italian
1067,2025-08-06T19:26:00,MX,paid_search,English,Italian
1068,2025-08-06T11:24:00,BR,paid_search,English,Japanese
1069,2025-08-06T19:25:00,IN,app_store,English,English
1070,2025-08-06T13:17:00,pl ,social,English,Spanish
1071,2025-08-06T21:33:00,IN,social,English,French
1072,2025-08-06T05:40:00,GB,organic,English,Italian
1073,2025-08-06T11:17:00,JP,organic,English,Japanese
1074,2025-08-06T20:31:00,MX,organic,English,Japanese
1075,2025-08-06T19:13:00,br,social,English,German
1076,2025-08-06T09:51:00,FR,paid_search,English,English
1077,2025-08-07T09:00:00,br,social,English,Japanese
1078,2025-08-07T13:44:00,us,referral,English,Japanese
1079,2025-08-07T11:16:00,JP,app_store,English,Japanese
1080,2025-08-07T02:59:00,GB,app_store,English,English
1081,2025-08-07T18:54:00,IN,organic,English,Japanese
1082,2025-08-07T13:48:00, US,paid_search,English,Japanese
1083,2025-08-07T20:06:00,IN,organic,English,Italian
1084,2025-08-07T23:25:00,br,organic,English,Spanish
1085,2025-08-07T20:58:00,FR,organic,English,German
1086,2025-08-07T00:01:00,MX,organic,English,German
1087,2025-08-07T16:17:00,JP,organic,English,Italian
1088,2025-08-07T14:48:00,GB,organic,English,German
1089,2025-08-07T17:32:00,IN,referral,English,German
1090,2025-08-07T03:19:00,pl ,paid_search,English,German
1091,2025-08-07T23:09:00,MX,referral,English,Spanish
1092,2025-08-07T20:38:00,ES,organic,English,Japanese
1093,2025-08-07T12:16:00,DE,social,English,English
1094,2025-08-07T12:55:00,ES,social,English,German
1095,2025-08-07T12:42:00,br,app_store,English,Japanese
1096,2025-08-08T04:17:00,IN,referral,English,English
1097,2025-08-08T20:00:00,GB,referral,English,French
1098,2025-08-08T04:45:00,FR,organic,English,French
1099,2025-08-08T21:26:00,FR,organic,English,Japanese
1100,2025-08-08T03:49:00,FR,organic,English,Italian
1101,2025-08-08T03:04:00,GB,social,English,Italian
1102,2025-08-08T09:35:00,JP,app_store,English,Italian
1103,2025-08-08T19:59:00,IN,paid_search,English,German
1104,2025-08-08T18:23:00,GB,referral,English,Spanish
1105,2025-08-08T05:48:00,FR,organic,English,French
1106,2025-08-08T11:59:00,us,referral,English,English
1107,2025-08-08T22:14:00,FR,organic,English,German
1108,2025-08-08T03:00:00,pl ,organic,English,German
1109,2025-08-08T18:00:00,MX,organic,English,French
1110,2025-08-08T14:11:00,PL,social,English,French
1111,2025-08-08T07:31:00,FR,referral,English,Japanese
1112,2025-08-08T14:34:00,MX,organic,English,Italian
1113,2025-08-08T03:50:00,FR,app_store,English,French
1114,2025-08-08T14:14:00,BR,paid_search,English,Spanish
1115,2025-08-09T09:40:00,IN,paid_search,English,Italian
1116,2025-08-09T04:40:00,IN,social,English,Spanish
1117,2025-08-09T04:06:00,de,paid_search,English,English
1118,2025-08-09T09:28:00,UK,organic,English,Japanese
1119,2025-08-09T01:12:00,IN,referral,English,Japanese
1120,2025-08-09T15:16:00,br,referral,English,Spanish
1121,2025-08-09T04:26:00,JP,social,English,Spanish
1122,2025-08-09T08:14:00,pl ,organic,English,German
1123,2025-08-09T18:17:00,IN,organic,English,English
1124,2025-08-09T12:12:00,FR,organic,English,English
1125,2025-08-09T12:09:00, US,referral,English,German
1126,2025-08-09T01:13:00,BR,app_store,English,German
1127,2025-08-09T05:40:00,IN,organic,English,French
1128,2025-08-09T08:12:00,ES,organic,English,English
1129,2025-08-09T02:34:00,FR,organic,English,English
1130,2025-08-09T17:17:00,JP,organic,English,English
1131,2025-08-09T18:52:00,GB,paid_search,English,French
1132,2025-08-09T06:52:00,PL,social,English,Spanish
1133,2025-08-09T23:25:00,de,organic,English,German
1134,2025-08-09T02:35:00,GB,app_store,English,Japanese
1135,2025-08-09T08:22:00,JP,organic,English,French
1136,2025-08-09T14:05:00,JP,paid_search,English,French
1137,2025-08-09T23:25:00,GB,organic,English,French
1138,2025-08-10T00:02:00,ES,referral,English,German
1139,2025-08-10T05:25:00,us,social,English,Japanese
1140,2025-08-10T01:09:00,us,social,English,French
1141,2025-08-10T10:52:00,IN,referral,English,Italian
1142,2025-08-10T18:57:00,de,social,English,English
1143,2025-08-10T21:49:00,IN,social,English,German
1144,2025-08-10T19:56:00,IN,paid_search,English,Spanish
1145,2025-08-10T13:30:00,JP,referral,English,Spanish
1146,2025-08-10T17:49:00,ES,social,English,English
1147,2025-08-10T14:14:00,MX,social,English,Spanish
1148,2025-08-10T13:56:00,GB,paid_search,English,English
1149,2025-08-10T13:54:00,JP,app_store,English,French
1150,2025-08-10T06:28:00,Pl,social,English,Italian
1151,2025-08-10T15:12:00,ES,organic,English,Spanish
1152,2025-08-10T19:30:00,IN,organic,English,Spanish
1153,2025-08-10T04:15:00,UK,organic,English,English
1154,2025-08-10T04:51:00,BR,paid_search,English,Italian
1155,2025-08-10T03:45:00,ES,paid_search,English,German
1156,2025-08-10T11:15:00,FR,organic,English,Spanish
1157,2025-08-10T05:09:00,MX,app_store,English,German
1158,2025-08-10T09:05:00,FR,organic,English,Italian
1159,2025-08-10T10:47:00, US,organic,English,Japanese
1160,2025-08-10T15:17:00,pl ,app_store,English,German
1161,2025-08-11T09:40:00,MX,referral,English,German
1162,2025-08-11T08:29:00,GB,organic,English,Italian
1163,2025-08-11T18:06:00,IN,organic,English,English
1164,2025-08-11T20:16:00,ES,organic,English,English
1165,2025-08-11T12:41:00,FR,app_store,English,English
1166,2025-08-11T03:55:00,BR,social,English,Spanish
1167,2025-08-11T16:19:00,PL,organic,English,Spanish
1168,2025-08-11T13:07:00,de,social,English,German
1169,2025-08-11T15:24:00,GB,organic,English,French
1170,2025-08-11T04:04:00,PL,organic,English,French
1171,2025-08-11T01:09:00,us,social,English,Japanese
1172,2025-08-11T22:15:00,JP,paid_search,English,Italian
1173,2025-08-11T03:52:00,IN,organic,English,Japanese
1174,2025-08-11T10:18:00,GB,paid_search,English,Spanish
1175,2025-08-11T03:41:00,Pl,social,English,English
1176,2025-08-11T15:06:00,ES,organic,English,Japanese
1177,2025-08-11T17:22:00,br,organic,English,Spanish
1178,2025-08-11T19:56:00,FR,social,English,Japanese
1179,2025-08-11T10:37:00,ES,paid_search,English,Japanese
1180,2025-08-12T06:17:00,ES,paid_search,English,Italian
1181,2025-08-12T23:02:00,JP,social,English,German
1182,2025-08-12T08:40:00,Pl,social,English,Japanese
1183,2025-08-12T14:02:00, US,paid_search,English,German
1184,2025-08-12T15:42:00,UK,organic,English,French
1185,2025-08-12T10:30:00,BR,organic,English,English
1186,2025-08-12T10:36:00,FR,organic,English,German
1187,2025-08-12T03:26:00,IN,social,English,German
1188,2025-08-12T00:28:00, US,social,English,Spanish
1189,2025-08-12T08:13:00, US,organic,English,French
1190,2025-08-12T00:15:00,BR,paid_search,English,Japanese
1191,2025-08-12T08:50:00,DE,organic,English,Italian
1192,2025-08-12T13:59:00,de,organic,English,German
1193,2025-08-12T22:08:00,DE,paid_search,English,German
1194,2025-08-12T12:54:00,GB,paid_search,English,Italian
1195,2025-08-12T23:13:00,PL,app_store,English,Spanish
1196,2025-08-12T19:55:00,IN,organic,English,Japanese
1197,2025-08-12T20:39:00,DE,paid_search,English,Japanese
1198,2025-08-12T22:56:00,IN,organic,English,Japanese
1199,2025-08-13T09:52:00,US,organic,English,German
1200,2025-08-13T17:48:00,de,paid_search,English,Italian
1201,2025-08-13T08:30:00,de,referral,English,German
1202,2025-08-13T12:32:00,IN,referral,English,Spanish
1203,2025-08-13T00:28:00,br,organic,English,English
1204,2025-08-13T09:10:00,BR,paid_search,English,English
1205,2025-08-13T09:39:00,br,organic,English,German
1206,2025-08-13T20:10:00,IN,app_store,English,German
1207,2025-08-13T04:18:00,us,paid_search,English,Italian
1208,2025-08-13T02:08:00,IN,app_store,English,Japanese
1209,2025-08-13T18:35:00,BR,organic,English,Japanese
1210,2025-08-13T11:04:00,JP,organic,English,French
1211,2025-08-13T15:24:00,pl ,organic,English,German
1212,2025-08-13T22:11:00, US,social,English,French
1213,2025-08-13T04:12:00,IN,organic,English,English
1214,2025-08-13T02:52:00,UK,organic,English,Spanish
1215,2025-08-13T08:57:00,ES,app_store,English,Italian
1216,2025-08-13T02:04:00,GB,app_store,English,Japanese
1217,2025-08-13T22:40:00,DE,organic,English,German
1218,2025-08-14T12:07:00,FR,social,English,English
1219,2025-08-14T22:20:00,pl ,paid_search,English,Spanish
1220,2025-08-14T03:11:00,JP,organic,English,German
1221,2025-08-14T22:34:00,JP,paid_search,English,Spanish
1222,2025-08-14T04:34:00,GB,organic,English,English
1223,2025-08-14T15:08:00, US,social,English,German
1224,2025-08-14T02:35:00,FR,paid_search,English,German
1225,2025-08-14T05:00:00,pl ,organic,English,German
1226,2025-08-14T03:28:00,PL,app_store,English,English
1227,2025-08-14T23:32:00,IN,organic,English,German
1228,2025-08-14T07:00:00,IN,organic,English,French
1229,2025-08-14T02:50:00,JP,organic,English,German
1230,2025-08-14T04:38:00,de,organic,English,English
1231,2025-08-14T09:14:00,IN,paid_search,English,Japanese
1232,2025-08-14T01:29:00,de,organic,English,Spanish
1233,2025-08-14T14:17:00,PL,organic,English,French
1234,2025-08-14T13:02:00,MX,paid_search,English,French
1235,2025-08-14T15:15:00,br,organic,English,German
1236,2025-08-14T17:53:00,FR,organic,English,French
1237,2025-08-15T07:25:00,ES,social,English,English
1238,2025-08-15T22:26:00,pl ,social,English,Japanese
1239,2025-08-15T15:54:00,ES,paid_search,English,French
1240,2025-08-15T18:38:00,FR,paid_search,English,Italian
1241,2025-08-15T01:23:00,de,referral,English,French
1242,2025-08-15T09:02:00,br,paid_search,English,Japanese
1243,2025-08-15T16:08:00,UK,paid_search,English,English
1244,2025-08-15T06:39:00,BR,organic,English,German
1245,2025-08-15T01:43:00,FR,app_store,English,French
1246,2025-08-15T04:32:00,JP,paid_search,English,Japanese
1247,2025-08-15T07:50:00,IN,organic,English,French
1248,2025-08-15T02:23:00,MX,referral,English,German
1249,2025-08-15T17:42:00,MX,organic,English,German
1250,2025-08-15T05:07:00,BR,organic,English,Italian
1251,2025-08-15T16:48:00,UK,organic,English,Italian
1252,2025-08-15T09:38:00,FR,paid_search,English,English
1253,2025-08-15T02:01:00,de,social,English,German
1254,2025-08-15T13:03:00,ES,paid_search,English,Spanish
1255,2025-08-15T08:20:00,DE,social,English,Spanish
1256,2025-08-16T11:32:00,FR,app_store,English,French
1257,2025-08-16T00:37:00,BR,organic,English,Spanish
1258,2025-08-16T02:44:00,ES,referral,English,Italian
1259,2025-08-16T04:09:00,ES,organic,English,French
1260,2025-08-16T14:08:00,pl ,social,English,Japanese
1261,2025-08-16T10:17:00,MX,social,English,German
1262,2025-08-16T11:18:00,BR,organic,English,English
1263,2025-08-16T17:03:00,MX,app_store,English,Italian
1264,2025-08-16T12:18:00,ES,referral,English,French
1265,2025-08-16T18:36:00,IN,social,English,Japanese
1266,2025-08-16T06:52:00,FR,referral,English,Japanese
1267,2025-08-16T07:31:00,MX,app_store,English,German
1268,2025-08-16T19:35:00,br,organic,English,German
1269,2025-08-16T14:09:00,MX,paid_search,English,Italian
1270,2025-08-16T13:47:00,ES,app_store,English,Japanese
1271,2025-08-16T18:37:00,GB,paid_search,English,German
1272,2025-08-16T12:20:00,DE,paid_search,English,Spanish
1273,2025-08-16T18:42:00,IN,social,English,Japanese
1274,2025-08-16T00:31:00,FR,organic,English,Spanish
1275,2025-08-16T12:28:00,FR,organic,English,Spanish
1276,2025-08-16T02:41:00, US,paid_search,English,German
1277,2025-08-16T05:29:00,MX,paid_search,English,Japanese
1278,2025-08-16T11:43:00,ES,organic,English,Japanese
1279,2025-08-16T21:02:00,ES,paid_search,English,Spanish
1280,2025-08-17T04:39:00,pl ,organic,English,Japanese
1281,2025-08-17T07:23:00,IN,social,English,Spanish
1282,2025-08-17T17:01:00,Pl,paid_search,English,German
1283,2025-08-17T11:53:00,JP,social,English,English
1284,2025-08-17T23:15:00,FR,social,English,French
1285,2025-08-17T13:20:00,de,app_store,English,English
1286,2025-08-17T16:53:00,JP,social,English,Italian
1287,2025-08-17T21:41:00,DE,app_store,English,German
1288,2025-08-17T19:39:00,MX,organic,English,Spanish
1289,2025-08-17T01:56:00,DE,organic,English,German
1290,2025-08-17T23:33:00,UK,organic,English,English
1291,2025-08-17T12:55:00,MX,referral,English,Spanish
1292,2025-08-17T04:53:00,JP,organic,English,Spanish
1293,2025-08-17T19:50:00,US,social,English,Spanish
1294,2025-08-17T21:45:00,GB,organic,English,French
1295,2025-08-17T10:44:00,BR,social,English,French
1296,2025-08-17T01:26:00,FR,organic,English,Japanese
1297,2025-08-17T02:11:00,BR,organic,English,Italian
1298,2025-08-17T23:15:00,de,organic,English,French
1299,2025-08-17T17:20:00,us,organic,English,Spanish
1300,2025-08-17T20:42:00,br,organic,English,English
1301,2025-08-17T09:15:00,br,organic,English,English
1302,2025-08-17T17:23:00,ES,organic,English,Italian
1303,2025-08-17T04:29:00,BR,referral,English,German
1304,2025-08-18T15:39:00,br,referral,English,Italian
1305,2025-08-18T11:27:00,de,social,English,German
1306,2025-08-18T10:51:00,PL,organic,English,Spanish
1307,2025-08-18T19:16:00,JP,organic,English,German
1308,2025-08-18T04:27:00,de,referral,English,Italian
1309,2025-08-18T20:01:00,us,app_store,English,German
1310,2025-08-18T06:34:00,MX,referral,English,English
1311,2025-08-18T06:30:00,ES,social,English,Italian
1312,2025-08-18T12:19:00,GB,referral,English,Japanese
1313,2025-08-18T00:45:00,UK,paid_search,English,English
1314,2025-08-18T19:42:00,de,organic,English,English
1315,2025-08-18T12:24:00, US,organic,English,English
1316,2025-08-18T16:58:00,BR,organic,English,Spanish
1317,2025-08-18T18:07:00,JP,referral,English,English
1318,2025-08-18T21:54:00,de,app_store,English,French
1319,2025-08-18T14:11:00,MX,organic,English,Spanish
1320,2025-08-18T01:45:00,de,referral,English,German
1321,2025-08-18T04:26:00,ES,paid_search,English,English
1322,2025-08-18T07:41:00,br,social,English,German
1323,2025-08-19T23:19:00,DE,organic,English,French
1324,2025-08-19T09:33:00,DE,app_store,English,German
1325,2025-08-19T15:01:00,us,social,English,French
1326,2025-08-19T18:49:00,PL,social,English,Spanish
1327,2025-08-19T22:48:00,ES,referral,English,Italian
1328,2025-08-19T09:35:00,UK,paid_search,English,Spanish
1329,2025-08-19T16:03:00,JP,organic,English,English
1330,2025-08-19T07:03:00,BR,referral,English,Italian
1331,2025-08-19T22:56:00,PL,app_store,English,French
1332,2025-08-19T21:28:00,US,organic,English,English
1333,2025-08-19T00:57:00,PL,paid_search,English,Japanese
1334,2025-08-19T21:07:00,IN,organic,English,Italian
1335,2025-08-19T02:14:00,br,app_store,English,Italian
1336,2025-08-19T18:27:00,MX,paid_search,English,English
1337,2025-08-19T19:33:00,ES,organic,English,French
1338,2025-08-19T15:35:00,JP,referral,English,Spanish
1339,2025-08-19T16:51:00,Pl,organic,English,Italian
1340,2025-08-19T15:44:00,ES,organic,English,Italian
1341,2025-08-19T22:39:00,br,social,English,English
1342,2025-08-20T02:23:00,BR,paid_search,English,German
1343,2025-08-20T17:25:00,DE,organic,English,French
1344,2025-08-20T12:05:00,ES,paid_search,English,Spanish
1345,2025-08-20T04:25:00,Pl,organic,English,Italian
1346,2025-08-20T05:01:00,IN,paid_search,English,Italian
1347,2025-08-20T07:13:00,FR,paid_search,English,Spanish
1348,2025-08-20T12:54:00,IN,organic,English,Japanese
1349,2025-08-20T19:43:00,DE,organic,English,Japanese
1350,2025-08-20T18:15:00,de,social,English,Spanish
1351,2025-08-20T13:26:00,FR,organic,English,German
1352,2025-08-20T08:09:00,UK,social,English,Italian
1353,2025-08-20T17:30:00,GB,organic,English,Italian
1354,2025-08-20T21:35:00,ES,app_store,English,German
1355,2025-08-20T08:52:00,FR,organic,English,German
1356,2025-08-20T15:03:00,FR,social,English,French
1357,2025-08-20T15:15:00,de,paid_search,English,Italian
1358,2025-08-20T00:17:00,MX,paid_search,English,Spanish
1359,2025-08-20T07:38:00,PL,social,English,French
1360,2025-08-20T08:35:00,PL,organic,English,German
1361,2025-08-21T03:08:00,BR,organic,English,English
1362,2025-08-21T19:54:00,FR,referral,English,Spanish
1363,2025-08-21T17:34:00,FR,paid_search,English,Italian
1364,2025-08-21T09:14:00,IN,organic,English,German
1365,2025-08-21T10:02:00,FR,organic,English,Spanish
1366,2025-08-21T16:54:00,IN,organic,English,English
1367,2025-08-21T16:22:00,ES,paid_search,English,French
1368,2025-08-21T17:01:00,BR,app_store,English,English
1369,2025-08-21T15:53:00,JP,paid_search,English,Japanese
1370,2025-08-21T08:40:00,PL,paid_search,English,French
1371,2025-08-21T16:49:00, US,paid_search,English,German
1372,2025-08-21T07:12:00,FR,organic,English,English
1373,2025-08-21T03:35:00,IN,social,English,Spanish
1374,2025-08-21T23:53:00,MX,app_store,English,French
1375,2025-08-21T06:01:00,MX,organic,English,Japanese
1376,2025-08-21T11:06:00,MX,paid_search,English,Japanese
1377,2025-08-21T05:38:00,IN,app_store,English,Italian
1378,2025-08-21T11:53:00,ES,social,English,Japanese
1379,2025-08-21T05:23:00,UK,organic,English,French
1380,2025-08-22T04:06:00,UK,paid_search,English,French
1381,2025-08-22T12:52:00,MX,app_store,English,English
1382,2025-08-22T02:00:00,GB,organic,English,English
1383,2025-08-22T00:29:00,ES,referral,English,Spanish
1384,2025-08-22T10:01:00,UK,social,English,German
1385,2025-08-22T11:00:00,GB,organic,English,Italian
1386,2025-08-22T20:11:00,ES,social,English,Spanish
1387,2025-08-22T18:35:00,FR,paid_search,English,English
1388,2025-08-22T23:07:00,IN,organic,English,French
1389,2025-08-22T15:25:00,FR,organic,English,Japanese
1390,2025-08-22T23:14:00,UK,paid_search,English,Spanish
1391,2025-08-22T18:55:00,MX,social,English,English
1392,2025-08-22T13:02:00, US,social,English,English
1393,2025-08-22T23:33:00,Pl,organic,English,Italian
1394,2025-08-22T15:51:00,JP,paid_search,English,German
1395,2025-08-22T02:01:00,de,referral,English,Italian
1396,2025-08-22T02:21:00,de,organic,English,Spanish
1397,2025-08-22T23:41:00,ES,organic,English,German
1398,2025-08-22T06:42:00,br,organic,English,Spanish
1399,2025-08-23T11:17:00,GB,social,English,Spanish
1400,2025-08-23T00:28:00,Pl,organic,English,Spanish
1401,2025-08-23T20:46:00,UK,organic,English,Italian
1402,2025-08-23T16:38:00,FR,organic,English,English
1403,2025-08-23T06:52:00, US,organic,English,Japanese
1404,2025-08-23T23:45:00,JP,organic,English,Japanese
1405,2025-08-23T22:34:00,br,referral,English,French
1406,2025-08-23T03:42:00,IN,referral,English,German
1407,2025-08-23T04:18:00,IN,organic,English,Italian
1408,2025-08-23T11:35:00,IN,social,English,Spanish
1409,2025-08-23T18:56:00,JP,app_store,English,English
1410,2025-08-23T16:32:00,JP,paid_search,English,Italian
1411,2025-08-23T21:04:00,ES,referral,English,Japanese
1412,2025-08-23T05:52:00,IN,social,English,German
1413,2025-08-23T04:24:00,US,app_store,English,English
1414,2025-08-23T05:10:00,ES,organic,English,Spanish
1415,2025-08-23T10:37:00,FR,app_store,English,Japanese
1416,2025-08-23T08:39:00,MX,social,English,Italian
1417,2025-08-23T22:51:00,FR,organic,English,Italian
1418,2025-08-23T02:58:00,DE,organic,English,English
1419,2025-08-23T16:43:00,us,organic,English,Japanese
1420,2025-08-23T13:08:00,pl ,paid_search,English,Japanese
1421,2025-08-23T12:16:00,JP,app_store,English,French
1422,2025-08-23T15:55:00,UK,organic,English,Japanese
1423,2025-08-23T06:50:00,JP,organic,English,German
1424,2025-08-24T04:15:00,DE,paid_search,English,French
1425,2025-08-24T07:32:00,JP,social,English,French
1426,2025-08-24T01:51:00,MX,social,English,German
1427,2025-08-24T04:58:00,DE,organic,English,Spanish
1428,2025-08-24T00:28:00,us,organic,English,Spanish
1429,2025-08-24T23:41:00,br,organic,English,Italian
1430,2025-08-24T20:27:00,FR,referral,English,Japanese
1431,2025-08-24T10:07:00,IN,organic,English,Japanese
1432,2025-08-24T18:52:00,ES,referral,English,Spanish
1433,2025-08-24T23:34:00,DE,social,English,Spanish
1434,2025-08-24T21:24:00,IN,organic,English,German
1435,2025-08-24T13:06:00,ES,referral,English,German
1436,2025-08-24T08:23:00,MX,organic,English,English
1437,2025-08-24T03:26:00,JP,organic,English,French
1438,2025-08-24T06:02:00,IN,organic,English,Japanese
1439,2025-08-24T02:24:00,US,organic,English,Italian
1440,2025-08-24T17:56:00,IN,organic,English,German
1441,2025-08-24T08:44:00,UK,organic,English,English
1442,2025-08-24T06:16:00,us,referral,English,Italian
1443,2025-08-24T00:28:00,UK,social,English,French
1444,2025-08-24T20:25:00,GB,social,English,German
1445,2025-08-24T04:28:00,ES,paid_search,English,English
1446,2025-08-24T11:58:00,UK,organic,English,German
1447,2025-08-24T08:15:00,IN,organic,English,Spanish
1448,2025-08-24T02:30:00,IN,organic,English,German
1449,2025-08-25T08:28:00, US,organic,English,French
1450,2025-08-25T10:54:00,JP,paid_search,English,Spanish
1451,2025-08-25T20:20:00,DE,paid_search,English,Japanese
1452,2025-08-25T03:25:00,FR,paid_search,English,German
1453,2025-08-25T06:57:00,UK,organic,English,Italian
1454,2025-08-25T17:48:00,FR,organic,English,Spanish
1455,2025-08-25T18:24:00,JP,organic,English,German
1456,2025-08-25T02:20:00,MX,organic,English,English
1457,2025-08-25T09:44:00,MX,social,English,French
1458,2025-08-25T08:07:00,US,organic,English,Japanese
1459,2025-08-25T05:27:00, US,organic,English,Japanese
1460,2025-08-25T05:02:00,us,social,English,German
1461,2025-08-25T20:55:00,FR,organic,English,Spanish
1462,2025-08-25T12:01:00,pl ,paid_search,English,Italian
1463,2025-08-25T05:32:00,MX,paid_search,English,Japanese
1464,2025-08-25T09:03:00,MX,app_store,English,French
1465,2025-08-25T20:30:00,BR,paid_search,English,English
1466,2025-08-25T10:40:00,DE,social,English,Spanish
1467,2025-08-25T17:12:00,br,social,English,Italian
1468,2025-08-25T09:38:00,PL,paid_search,English,English
1469,2025-08-26T18:04:00,us,organic,English,German
1470,2025-08-26T06:46:00,UK,organic,English,Japanese
1471,2025-08-26T22:54:00,MX,paid_search,English,German
1472,2025-08-26T22:52:00,MX,organic,English,Italian
1473,2025-08-26T08:08:00,GB,paid_search,English,Italian
1474,2025-08-26T00:45:00,IN,app_store,English,French
1475,2025-08-26T07:13:00,BR,organic,English,German
1476,2025-08-26T16:50:00,ES,social,English,Japanese
1477,2025-08-26T03:12:00,ES,organic,English,French
1478,2025-08-26T11:48:00,ES,social,English,Spanish
1479,2025-08-26T17:35:00,ES,paid_search,English,German
1480,2025-08-26T04:31:00,BR,paid_search,English,Italian
1481,2025-08-26T22:39:00,FR,organic,English,German
1482,2025-08-26T05:43:00,pl ,paid_search,English,English
1483,2025-08-26T08:42:00,BR,social,English,French
1484,2025-08-26T16:58:00,FR,paid_search,English,German
1485,2025-08-26T04:58:00,IN,social,English,German
1486,2025-08-26T21:11:00,UK,organic,English,Spanish
1487,2025-08-26T14:44:00,JP,organic,English,Italian
1488,2025-08-26T21:04:00,IN,organic,English,Italian
1489,2025-08-27T19:09:00,DE,paid_search,English,English
1490,2025-08-27T06:41:00,JP,organic,English,German
1491,2025-08-27T07:35:00,US,social,English,German
1492,2025-08-27T17:46:00,DE,social,English,French
1493,2025-08-27T19:19:00,US,organic,English,Spanish
1494,2025-08-27T12:27:00,MX,social,English,Japanese
1495,2025-08-27T13:16:00, US,referral,English,Japanese
1496,2025-08-27T06:56:00,Pl,social,English,English
1497,2025-08-27T14:17:00,DE,paid_search,English,French
1498,2025-08-27T15:20:00,MX,organic,English,German
1499,2025-08-27T16:14:00,br,paid_search,English,French
1500,2025-08-27T19:13:00,br,organic,English,Italian
1501,2025-08-27T08:35:00,IN,paid_search,English,Spanish
1502,2025-08-27T14:21:00,GB,referral,English,Spanish
1503,2025-08-27T19:06:00,IN,social,English,English
1504,2025-08-27T15:59:00,FR,organic,English,English
1505,2025-08-27T11:26:00,pl ,social,English,French
1506,2025-08-27T11:03:00,PL,paid_search,English,Japanese
1507,2025-08-27T17:47:00,IN,paid_search,English,Japanese
1508,2025-08-27T21:10:00,Pl,social,English,English
1509,2025-08-28T13:20:00,MX,organic,English,English
1510,2025-08-28T16:27:00,PL,organic,English,French
1511,2025-08-28T00:23:00,ES,app_store,English,English
1512,2025-08-28T01:48:00,FR,social,English,Spanish
1513,2025-08-28T14:55:00,JP,paid_search,English,English
1514,2025-08-28T15:09:00,FR,organic,English,Japanese
1515,2025-08-28T15:28:00,IN,organic,English,English
1516,2025-08-28T15:29:00,PL,organic,English,Italian
1517,2025-08-28T18:51:00,br,social,English,French
1518,2025-08-28T11:37:00,pl ,organic,English,Spanish
1519,2025-08-28T17:58:00,IN,organic,English,Japanese
1520,2025-08-28T20:22:00,FR,paid_search,English,Spanish
1521,2025-08-28T23:56:00,JP,referral,English,Japanese
1522,2025-08-28T14:28:00, US,social,English,Japanese
1523,2025-08-28T13:13:00,JP,social,English,Japanese
1524,2025-08-28T21:58:00,pl ,organic,English,French
1525,2025-08-28T20:31:00,ES,organic,English,French
1526,2025-08-28T17:13:00,JP,organic,English,Spanish
1527,2025-08-28T11:34:00,US,organic,English,German
1528,2025-08-28T00:22:00,US,organic,English,French
1529,2025-08-29T14:34:00,JP,organic,English,Japanese
1530,2025-08-29T07:41:00,de,paid_search,English,German
1531,2025-08-29T01:27:00,ES,organic,English,Italian
1532,2025-08-29T07:54:00,IN,app_store,English,Italian
1533,2025-08-29T15:18:00,Pl,organic,English,Spanish
1534,2025-08-29T07:36:00,de,organic,English,French
1535,2025-08-29T06:06:00,MX,organic,English,German
1536,2025-08-29T06:42:00,IN,organic,English,Japanese
1537,2025-08-29T07:13:00,br,paid_search,English,French
1538,2025-08-29T08:33:00,MX,organic,English,Japanese
1539,2025-08-29T15:15:00,br,organic,English,English
1540,2025-08-29T15:26:00,us,social,English,Italian
1541,2025-08-29T16:48:00,IN,organic,English,German
1542,2025-08-29T12:04:00,JP,social,English,French
1543,2025-08-29T04:03:00,GB,paid_search,English,Italian
1544,2025-08-29T11:36:00,ES,paid_search,English,Japanese
1545,2025-08-29T08:50:00,MX,referral,English,German
1546,2025-08-29T07:38:00,JP,social,English,Italian
1547,2025-08-29T10:19:00,ES,paid_search,English,Japanese
1548,2025-08-29T02:00:00, US,organic,English,English
1549,2025-08-30T12:18:00,UK,organic,English,German
1550,2025-08-30T18:11:00,IN,referral,English,English
1551,2025-08-30T03:14:00,GB,organic,English,Spanish
1552,2025-08-30T09:25:00,BR,app_store,English,Japanese
1553,2025-08-30T19:49:00,Pl,app_store,English,Spanish
1554,2025-08-30T05:53:00,IN,paid_search,English,German
1555,2025-08-30T02:32:00,UK,organic,English,Spanish
1556,2025-08-30T16:32:00,br,organic,English,Japanese
1557,2025-08-30T04:43:00,BR,organic,English,German
1558,2025-08-30T05:55:00,DE,social,English,Japanese
1559,2025-08-30T08:23:00,US,paid_search,English,German
1560,2025-08-30T09:20:00,PL,paid_search,English,German
1561,2025-08-30T23:36:00,BR,paid_search,English,German
1562,2025-08-30T02:20:00,de,organic,English,Italian
1563,2025-08-30T13:26:00,ES,organic,English,German
1564,2025-08-30T22:04:00,IN,social,English,German
1565,2025-08-30T09:44:00,MX,organic,English,English
1566,2025-08-30T09:01:00,IN,organic,English,Italian
1567,2025-08-30T08:07:00,ES,paid_search,English,English
1568,2025-08-30T16:54:00,us,referral,English,English
1569,2025-08-30T05:33:00,IN,organic,English,Italian
1570,2025-08-30T21:36:00, US,paid_search,English,Italian
1571,2025-08-30T03:49:00,IN,paid_search,English,French
1572,2025-08-30T20:20:00,JP,social,English,French
1573,2025-08-30T18:20:00,UK,organic,English,Spanish
1574,2025-08-30T04:36:00,MX,social,English,English
1575,2025-08-31T09:30:00, US,organic,English,Japanese
1576,2025-08-31T10:15:00,de,paid_search,English,Japanese
1577,2025-08-31T15:26:00,US,app_store,English,French
1578,2025-08-31T23:10:00,BR,organic,English,Japanese
1579,2025-08-31T07:28:00,pl ,paid_search,English,English
1580,2025-08-31T01:14:00,BR,organic,English,German
1581,2025-08-31T17:37:00,IN,paid_search,English,Japanese
1582,2025-08-31T17:55:00,FR,organic,English,French
1583,2025-08-31T01:53:00,IN,paid_search,English,Japanese
1584,2025-08-31T18:16:00,IN,social,English,Spanish
1585,2025-08-31T23:28:00,us,organic,English,French
1586,2025-08-31T00:25:00,FR,paid_search,English,French
1587,2025-08-31T10:04:00,FR,app_store,English,French
1588,2025-08-31T22:30:00,ES,paid_search,English,Spanish
1589,2025-08-31T15:18:00,JP,organic,English,Italian
1590,2025-08-31T17:14:00,PL,organic,English,Japanese
1591,2025-08-31T20:37:00,UK,organic,English,English
1592,2025-08-31T04:53:00,GB,organic,English,Japanese
1593,2025-08-31T00:30:00, US,social,English,Japanese
1594,2025-08-31T09:35:00,BR,social,English,German
1595,2025-08-31T02:51:00,US,paid_search,English,Spanish
1596,2025-08-31T21:18:00,ES,social,English,Japanese
1597,2025-08-31T16:44:00,PL,social,English,Spanish
1598,2025-08-31T02:58:00,IN,paid_search,English,French
1599,2025-08-31T17:45:00,FR,paid_search,English,English
1600,2025-08-31T16:10:00,Pl,paid_search,English,French
1601,2025-09-01T04:38:00,FR,organic,English,Spanish
1602,2025-09-01T22:09:00,FR,organic,English,Spanish
1603,2025-09-01T10:52:00,IN,app_store,English,French
1604,2025-09-01T21:19:00,GB,paid_search,English,French
1605,2025-09-01T14:02:00,FR,organic,English,Spanish
1606,2025-09-01T11:06:00,DE,organic,English,Japanese
1607,2025-09-01T02:25:00,ES,paid_search,English,German
1608,2025-09-01T03:03:00,MX,organic,English,Spanish
1609,2025-09-01T05:58:00, US,app_store,English,French
1610,2025-09-01T07:24:00,ES,social,English,Japanese
1611,2025-09-01T17:11:00,JP,organic,English,Italian
1612,2025-09-01T15:33:00,ES,organic,English,English
1613,2025-09-01T02:18:00,Pl,paid_search,English,French
1614,2025-09-01T15:02:00,IN,organic,English,Japanese
1615,2025-09-01T02:41:00,br,paid_search,English,Japanese
1616,2025-09-01T09:15:00,US,social,English,Italian
1617,2025-09-01T21:59:00,br,paid_search,English,Italian
1618,2025-09-01T12:11:00,ES,social,English,French
1619,2025-09-01T09:09:00,br,organic,English,English
1620,2025-09-01T01:43:00,PL,referral,English,Spanish
1621,2025-09-01T03:29:00,MX,app_store,English,Japanese
1622,2025-09-02T14:49:00,IN,referral,English,German
1623,2025-09-02T23:45:00,FR,paid_search,English,English
1624,2025-09-02T17:10:00,UK,app_store,English,Italian
1625,2025-09-02T07:58:00,FR,organic,English,English
1626,2025-09-02T04:46:00,MX,social,English,Spanish
1627,2025-09-02T13:51:00,JP,social,English,French
1628,2025-09-02T07:38:00,GB,referral,English,German
1629,2025-09-02T22:45:00,JP,paid_search,English,French
1630,2025-09-02T15:14:00,MX,organic,English,English
1631,2025-09-02T17:33:00,US,social,English,Japanese
1632,2025-09-02T08:09:00,BR,social,English,Spanish
1633,2025-09-02T14:17:00,MX,organic,English,English
1634,2025-09-02T09:25:00,Pl,organic,English,French
1635,2025-09-02T15:41:00,pl ,organic,English,Japanese
1636,2025-09-02T01:55:00,US,organic,English,German
1637,2025-09-02T02:47:00,ES,referral,English,Japanese
1638,2025-09-02T00:20:00,FR,organic,English,Spanish
1639,2025-09-02T14:15:00,MX,paid_search,English,English
1640,2025-09-02T08:35:00,de,social,English,French
1641,2025-09-02T10:09:00,pl ,social,English,German
1642,2025-09-02T16:43:00,FR,referral,English,Japanese
1643,2025-09-03T06:52:00,pl ,organic,English,Japanese
1644,2025-09-03T17:34:00,IN,organic,English,German
1645,2025-09-03T16:43:00, US,social,English,Italian
1646,2025-09-03T04:28:00,UK,social,English,Japanese
1647,2025-09-03T15:39:00,JP,app_store,English,French
1648,2025-09-03T15:35:00,MX,paid_search,English,Japanese
1649,2025-09-03T06:49:00,FR,social,English,Spanish
1650,2025-09-03T20:08:00, US,referral,English,English
1651,2025-09-03T22:14:00,ES,social,English,German
1652,2025-09-03T19:01:00,US,organic,English,German
1653,2025-09-03T19:01:00,MX,paid_search,English,Spanish
1654,2025-09-03T12:40:00,JP,organic,English,Italian
1655,2025-09-03T03:12:00,UK,organic,English,Italian
1656,2025-09-03T16:54:00,IN,organic,English,Italian
1657,2025-09-03T05:03:00,Pl,organic,English,French
1658,2025-09-03T09:27:00,DE,paid_search,English,English
1659,2025-09-03T09:49:00,ES,paid_search,English,English
1660,2025-09-03T10:37:00,DE,organic,English,French
1661,2025-09-03T08:41:00,FR,organic,English,Japanese
1662,2025-09-03T06:12:00,JP,organic,English,Italian
1663,2025-09-03T02:33:00,DE,organic,English,Italian
1664,2025-09-04T03:45:00,DE,referral,English,English
1665,2025-09-04T02:46:00,Pl,organic,English,French
1666,2025-09-04T17:17:00,GB,organic,English,Spanish
1667,2025-09-04T10:08:00,MX,organic,English,English
1668,2025-09-04T23:29:00,FR,social,English,Spanish
1669,2025-09-04T22:55:00,US,app_store,English,Japanese
1670,2025-09-04T19:38:00,Pl,social,English,Spanish
1671,2025-09-04T00:26:00,FR,social,English,French
1672,2025-09-04T08:43:00,ES,organic,English,Japanese
1673,2025-09-04T11:12:00,IN,app_store,English,Italian
1674,2025-09-04T01:07:00,DE,referral,English,Italian
1675,2025-09-04T17:16:00, US,organic,English,French
1676,2025-09-04T09:21:00,IN,paid_search,English,Japanese
1677,2025-09-04T01:00:00,ES,paid_search,English,Japanese
1678,2025-09-04T21:10:00,UK,paid_search,English,English
1679,2025-09-04T04:01:00,de,organic,English,Spanish
1680,2025-09-04T15:41:00,us,organic,English,Spanish
1681,2025-09-04T17:17:00,GB,referral,English,Spanish
1682,2025-09-04T11:08:00,UK,organic,English,Japanese
1683,2025-09-04T15:38:00,FR,app_store,English,Spanish
1684,2025-09-04T04:54:00,UK,organic,English,English
1685,2025-09-05T02:27:00,pl ,app_store,English,Japanese
1686,2025-09-05T00:05:00,GB,organic,English,English
1687,2025-09-05T00:53:00,FR,app_store,English,Italian
1688,2025-09-05T19:08:00,IN,paid_search,English,Japanese
1689,2025-09-05T12:18:00,UK,organic,English,Japanese
1690,2025-09-05T07:27:00,IN,organic,English,English
1691,2025-09-05T23:18:00,MX,organic,English,French
1692,2025-09-05T06:50:00,BR,paid_search,English,Japanese
1693,2025-09-05T11:37:00,DE,organic,English,English
1694,2025-09-05T04:28:00,us,social,English,Spanish
1695,2025-09-05T10:06:00,br,paid_search,English,Japanese
1696,2025-09-05T07:21:00,GB,app_store,English,Japanese
1697,2025-09-05T11:11:00,DE,paid_search,English,Spanish
1698,2025-09-05T10:17:00,JP,paid_search,English,French
1699,2025-09-05T16:03:00,ES,app_store,English,French
1700,2025-09-05T07:08:00,MX,app_store,English,French
1701,2025-09-05T19:43:00,IN,referral,English,German
1702,2025-09-05T12:50:00,IN,referral,English,German
1703,2025-09-05T18:27:00,FR,social,English,French
1704,2025-09-05T08:44:00,ES,app_store,English,Spanish
1705,2025-09-05T13:00:00,JP,paid_search,English,Japanese
1706,2025-09-06T13:34:00,US,app_store,English,Italian
1707,2025-09-06T18:40:00,JP,paid_search,English,English
1708,2025-09-06T23:03:00,PL,organic,English,German
1709,2025-09-06T15:17:00,Pl,organic,English,Japanese
1710,2025-09-06T08:40:00,FR,organic,English,French
1711,2025-09-06T06:21:00,MX,organic,English,French
1712,2025-09-06T22:55:00,de,social,English,French
1713,2025-09-06T03:44:00,IN,referral,English,French
1714,2025-09-06T03:48:00,US,paid_search,English,German
1715,2025-09-06T20:19:00,IN,organic,English,Spanish
1716,2025-09-06T14:40:00,MX,referral,English,Italian
1717,2025-09-06T11:41:00,UK,organic,English,German
1718,2025-09-06T17:44:00,MX,app_store,English,Italian
1719,2025-09-06T13:04:00,PL,paid_search,English,English
1720,2025-09-06T09:25:00,JP,social,English,French
1721,2025-09-06T13:00:00,br,social,English,Japanese
1722,2025-09-06T21:02:00,JP,paid_search,English,German
1723,2025-09-06T11:58:00,br,organic,English,French
1724,2025-09-06T10:54:00,IN,paid_search,English,German
1725,2025-09-06T01:03:00,BR,paid_search,English,Japanese
1726,2025-09-06T17:36:00,PL,social,English,Italian
1727,2025-09-06T22:39:00,pl ,organic,English,Japanese
1728,2025-09-06T10:05:00,de,social,English,English
1729,2025-09-06T15:26:00,US,social,English,French
1730,2025-09-06T14:55:00,DE,social,English,German
1731,2025-09-06T14:46:00,GB,organic,English,Spanish
1732,2025-09-06T10:43:00,PL,paid_search,English,Spanish
1733,2025-09-07T20:06:00,us,organic,English,Italian
1734,2025-09-07T17:29:00,DE,paid_search,English,French
1735,2025-09-07T02:47:00,FR,social,English,Spanish
1736,2025-09-07T06:37:00,FR,organic,English,Italian
1737,2025-09-07T19:04:00,br,organic,English,German
1738,2025-09-07T21:07:00,MX,paid_search,English,German
1739,2025-09-07T08:22:00,DE,organic,English,Italian
1740,2025-09-07T19:47:00,MX,organic,English,Italian
1741,2025-09-07T17:25:00,UK,paid_search,English,Spanish
1742,2025-09-07T03:02:00,DE,social,English,English
1743,2025-09-07T14:53:00,pl ,referral,English,Japanese
1744,2025-09-07T14:34:00,MX,organic,English,English
1745,2025-09-07T13:13:00,JP,app_store,English,Japanese
1746,2025-09-07T03:59:00,br,social,English,German
1747,2025-09-07T20:52:00,FR,organic,English,English
1748,2025-09-07T17:35:00,de,organic,English,German
1749,2025-09-07T01:38:00,GB,social,English,Spanish
1750,2025-09-07T06:32:00,IN,organic,English,French
1751,2025-09-07T13:51:00,BR,organic,English,Italian
1752,2025-09-07T02:35:00,de,referral,English,Japanese
1753,2025-09-07T08:49:00,US,organic,English,Spanish
1754,2025-09-07T18:39:00,MX,paid_search,English,Japanese
1755,2025-09-07T21:26:00,IN,organic,English,English
1756,2025-09-07T14:32:00,JP,paid_search,English,Italian
1757,2025-09-07T23:57:00,FR,organic,English,Italian
1758,2025-09-07T04:30:00,ES,app_store,English,Italian
1759,2025-09-07T02:58:00,DE,social,English,French
1760,2025-09-08T07:04:00, US,referral,English,English
1761,2025-09-08T21:46:00,UK,organic,English,German
1762,2025-09-08T07:17:00,MX,organic,English,Japanese
1763,2025-09-08T03:40:00,IN,referral,English,Italian
1764,2025-09-08T11:57:00,de,social,English,Japanese
1765,2025-09-08T21:10:00,us,social,English,Spanish
1766,2025-09-08T20:47:00,JP,referral,English,German
1767,2025-09-08T12:04:00,JP,organic,English,English
1768,2025-09-08T09:58:00,MX,app_store,English,French
1769,2025-09-08T18:22:00,US,social,English,Italian
1770,2025-09-08T02:19:00,de,organic,English,Italian
1771,2025-09-08T10:14:00,ES,organic,English,Italian
1772,2025-09-08T05:54:00,us,app_store,English,Italian
1773,2025-09-08T11:41:00,IN,organic,English,German
1774,2025-09-08T14:38:00,IN,social,English,German
1775,2025-09-08T19:09:00,IN,organic,English,English
1776,2025-09-08T12:19:00,MX,organic,English,French
1777,2025-09-08T16:40:00,JP,social,English,Japanese
1778,2025-09-08T02:22:00,IN,app_store,English,English
1779,2025-09-08T11:07:00,de,organic,English,Spanish
1780,2025-09-08T19:52:00,UK,referral,English,Italian
1781,2025-09-09T11:45:00,MX,social,English,Italian
1782,2025-09-09T03:10:00,FR,social,English,Spanish
1783,2025-09-09T15:39:00,de,app_store,English,Japanese
1784,2025-09-09T13:23:00,JP,paid_search,English,Italian
1785,2025-09-09T16:45:00,JP,paid_search,English,Japanese
1786,2025-09-09T08:43:00,br,referral,English,Italian
1787,2025-09-09T01:20:00,FR,paid_search,English,Italian
1788,2025-09-09T01:38:00,UK,social,English,German
1789,2025-09-09T14:47:00,BR,organic,English,French
1790,2025-09-09T08:18:00,FR,social,English,German
1791,2025-09-09T20:28:00,FR,organic,English,Italian
1792,2025-09-09T08:29:00,ES,social,English,Spanish
1793,2025-09-09T05:20:00,UK,social,English,German
1794,2025-09-09T21:17:00,JP,organic,English,German
1795,2025-09-09T14:32:00,JP,organic,English,English
1796,2025-09-09T21:30:00,IN,paid_search,English,Spanish
1797,2025-09-09T06:22:00,de,organic,English,French
1798,2025-09-09T13:09:00,JP,referral,English,German
1799,2025-09-09T22:52:00,GB,organic,English,English
1800,2025-09-09T16:59:00,UK,organic,English,English
1801,2025-09-09T06:25:00,MX,referral,English,Spanish
1802,2025-09-09T13:39:00,IN,paid_search,English,Japanese
1803,2025-09-10T06:28:00,MX,organic,English,Japanese
1804,2025-09-10T15:41:00,Pl,social,English,Japanese
1805,2025-09-10T08:49:00,FR,social,English,Spanish
1806,2025-09-10T05:11:00,de,organic,English,Japanese
1807,2025-09-10T02:28:00,BR,organic,English,Spanish
1808,2025-09-10T13:36:00,ES,organic,English,Spanish
1809,2025-09-10T23:16:00,GB,organic,English,French
1810,2025-09-10T18:42:00,ES,paid_search,English,English
1811,2025-09-10T01:23:00,FR,organic,English,French
1812,2025-09-10T20:57:00,GB,app_store,English,English
1813,2025-09-10T07:31:00,br,organic,English,English
1814,2025-09-10T18:17:00,JP,referral,English,Spanish
1815,2025-09-10T12:57:00,ES,referral,English,Spanish
1816,2025-09-10T00:42:00,BR,social,English,Italian
1817,2025-09-10T06:52:00,ES,social,English,Spanish
1818,2025-09-10T13:17:00,JP,organic,English,Italian
1819,2025-09-10T13:06:00,MX,paid_search,English,Japanese
1820,2025-09-10T15:15:00,pl ,social,English,Japanese
1821,2025-09-10T18:47:00,IN,organic,English,English
1822,2025-09-10T11:42:00,BR,social,English,Italian
1823,2025-09-10T07:33:00,FR,organic,English,Japanese
1824,2025-09-10T17:49:00,IN,referral,English,French
1825,2025-09-11T02:59:00,us,organic,English,French
1826,2025-09-11T05:05:00,BR,paid_search,English,Spanish
1827,2025-09-11T13:23:00,pl ,referral,English,Japanese
1828,2025-09-11T16:37:00,pl ,organic,English,German
1829,2025-09-11T21:02:00,IN,organic,English,French
1830,2025-09-11T12:40:00,us,social,English,German
1831,2025-09-11T08:14:00,MX,paid_search,English,German
1832,2025-09-11T01:31:00,IN,social,English,German
1833,2025-09-11T13:05:00,IN,social,English,Spanish
1834,2025-09-11T07:51:00,FR,organic,English,Spanish
1835,2025-09-11T11:09:00,MX,social,English,French
1836,2025-09-11T05:04:00,Pl,organic,English,German
1837,2025-09-11T14:47:00,JP,organic,English,German
1838,2025-09-11T17:32:00,us,app_store,English,English
1839,2025-09-11T05:40:00,JP,organic,English,Italian
1840,2025-09-11T03:00:00,IN,paid_search,English,Japanese
1841,2025-09-11T12:15:00,de,organic,English,Japanese
1842,2025-09-11T16:21:00,JP,organic,English,German
1843,2025-09-11T12:57:00,FR,paid_search,English,Japanese
1844,2025-09-11T11:41:00,de,app_store,English,English
1845,2025-09-11T13:05:00,MX,paid_search,English,German
1846,2025-09-11T19:03:00,MX,referral,English,English
1847,2025-09-12T10:04:00,BR,paid_search,English,Japanese
1848,2025-09-12T12:03:00,DE,social,English,German
1849,2025-09-12T20:22:00,MX,referral,English,Italian
1850,2025-09-12T18:58:00,FR,organic,English,Italian
1851,2025-09-12T15:32:00,DE,organic,English,English
1852,2025-09-12T10:49:00,de,app_store,English,Italian
1853,2025-09-12T23:31:00,ES,organic,English,English
1854,2025-09-12T21:07:00,JP,referral,English,English
1855,2025-09-12T03:43:00,GB,app_store,English,French
1856,2025-09-12T10:22:00,DE,organic,English,German
1857,2025-09-12T00:54:00,Pl,referral,English,German
1858,2025-09-12T04:17:00,MX,organic,English,Italian
1859,2025-09-12T09:27:00,ES,organic,English,Italian
1860,2025-09-12T19:59:00,UK,organic,English,Japanese
1861,2025-09-12T09:34:00,IN,organic,English,Spanish
1862,2025-09-12T12:42:00,ES,paid_search,English,German
1863,2025-09-12T20:46:00,US,organic,English,German
1864,2025-09-12T22:08:00,us,referral,English,Japanese
1865,2025-09-12T21:44:00,de,paid_search,English,French
1866,2025-09-12T22:24:00,de,referral,English,French
1867,2025-09-12T11:47:00,FR,organic,English,French
1868,2025-09-12T03:20:00,br,organic,English,German
1869,2025-09-13T00:10:00,US,paid_search,English,Italian
1870,2025-09-13T15:39:00,GB,organic,English,Spanish
1871,2025-09-13T01:11:00,IN,organic,English,Spanish
1872,2025-09-13T15:04:00,br,referral,English,Spanish
1873,2025-09-13T11:06:00,BR,organic,English,Spanish
1874,2025-09-13T16:03:00,GB,social,English,Spanish
1875,2025-09-13T14:10:00,de,organic,English,German
1876,2025-09-13T01:32:00,US,organic,English,Japanese
1877,2025-09-13T13:44:00,BR,referral,English,French
1878,2025-09-13T17:25:00,IN,app_store,English,French
1879,2025-09-13T00:07:00,MX,organic,English,English
1880,2025-09-13T14:05:00,JP,organic,English,German
1881,2025-09-13T04:57:00,pl ,social,English,German
1882,2025-09-13T09:40:00,ES,referral,English,Spanish
1883,2025-09-13T00:13:00,ES,organic,English,Spanish
1884,2025-09-13T16:10:00,DE,organic,English,French
1885,2025-09-13T12:14:00,FR,organic,English,English
1886,2025-09-13T00:06:00,BR,social,English,French
1887,2025-09-13T17:17:00,FR,organic,English,French
1888,2025-09-13T05:16:00,IN,organic,English,English
1889,2025-09-13T04:09:00,IN,organic,English,German
1890,2025-09-13T03:46:00,GB,social,English,French
1891,2025-09-13T16:39:00,JP,social,English,Italian
1892,2025-09-13T17:55:00,FR,social,English,Italian
1893,2025-09-13T06:43:00,IN,organic,English,English
1894,2025-09-13T20:25:00,PL,paid_search,English,Spanish
1895,2025-09-13T01:16:00,BR,app_store,English,Spanish
1896,2025-09-14T00:33:00,JP,organic,English,French
1897,2025-09-14T06:53:00,br,social,English,Japanese
1898,2025-09-14T11:58:00,GB,social,English,Japanese
1899,2025-09-14T09:25:00,MX,organic,English,Italian
1900,2025-09-14T18:25:00,ES,app_store,English,Japanese
1901,2025-09-14T14:21:00,UK,paid_search,English,German
1902,2025-09-14T00:58:00,us,referral,English,Japanese
1903,2025-09-14T16:11:00,JP,social,English,Spanish
1904,2025-09-14T03:15:00,UK,social,English,Japanese
1905,2025-09-14T20:12:00,US,organic,English,Japanese
1906,2025-09-14T18:02:00,ES,paid_search,English,German
1907,2025-09-14T14:08:00,UK,app_store,English,German
1908,2025-09-14T12:25:00,us,paid_search,English,German
1909,2025-09-14T06:08:00,de,organic,English,Italian
1910,2025-09-14T06:55:00,US,referral,English,Japanese
1911,2025-09-14T11:44:00,us,paid_search,English,German
1912,2025-09-14T05:16:00,MX,paid_search,English,Spanish
1913,2025-09-14T16:22:00,FR,paid_search,English,French
1914,2025-09-14T10:54:00,ES,paid_search,English,French
1915,2025-09-14T03:33:00,us,organic,English,English
1916,2025-09-14T03:18:00,ES,paid_search,English,German
1917,2025-09-14T11:54:00,ES,paid_search,English,English
1918,2025-09-14T19:13:00,IN,organic,English,Spanish
1919,2025-09-14T14:25:00, US,referral,English,Italian
1920,2025-09-14T13:57:00,ES,organic,English,Japanese
1921,2025-09-14T00:10:00,ES,organic,English,Italian
1922,2025-09-14T02:15:00,br,app_store,English,German
1923,2025-09-15T05:22:00,JP,referral,English,French
1924,2025-09-15T11:25:00,PL,app_store,English,German
1925,2025-09-15T22:59:00,br,organic,English,English
1926,2025-09-15T17:14:00,ES,referral,English,German
1927,2025-09-15T15:03:00,DE,paid_search,English,Italian
1928,2025-09-15T20:11:00,FR,referral,English,Spanish
1929,2025-09-15T00:10:00,ES,paid_search,English,Spanish
1930,2025-09-15T05:36:00,us,organic,English,Spanish
1931,2025-09-15T09:43:00,us,social,English,French
1932,2025-09-15T17:25:00,DE,social,English,Italian
1933,2025-09-15T18:23:00,pl ,referral,English,Spanish
1934,2025-09-15T13:46:00,de,app_store,English,French
1935,2025-09-15T08:53:00,FR,social,English,English
1936,2025-09-15T20:54:00,MX,app_store,English,Japanese
1937,2025-09-15T02:47:00,DE,social,English,Italian
1938,2025-09-15T06:26:00,UK,organic,English,English
1939,2025-09-15T20:31:00,ES,organic,English,German
1940,2025-09-15T20:05:00,GB,referral,English,Italian
1941,2025-09-15T08:02:00, US,organic,English,French
1942,2025-09-15T00:57:00,IN,organic,English,Spanish
1943,2025-09-15T00:30:00,JP,paid_search,English,German
1944,2025-09-15T21:29:00,UK,organic,English,Japanese
1945,2025-09-16T09:44:00,Pl,organic,English,Japanese
1946,2025-09-16T08:11:00,br,paid_search,English,English
1947,2025-09-16T09:04:00,PL,paid_search,English,Spanish
1948,2025-09-16T06:30:00,MX,paid_search,English,English
1949,2025-09-16T20:22:00,GB,organic,English,German
1950,2025-09-16T03:35:00,ES,referral,English,Italian
1951,2025-09-16T21:05:00,MX,paid_search,English,English
1952,2025-09-16T06:52:00,ES,app_store,English,Japanese
1953,2025-09-16T17:30:00,ES,social,English,German
1954,2025-09-16T18:37:00,MX,social,English,English
1955,2025-09-16T10:46:00,FR,paid_search,English,French
1956,2025-09-16T07:25:00,FR,paid_search,English,English
1957,2025-09-16T11:33:00,IN,social,English,German
1958,2025-09-16T12:25:00,MX,referral,English,Spanish
1959,2025-09-16T08:37:00,MX,organic,English,German
1960,2025-09-16T13:07:00,FR,referral,English,Italian
1961,2025-09-16T01:18:00,Pl,social,English,English
1962,2025-09-16T15:12:00,pl ,referral,English,French
1963,2025-09-16T06:49:00,pl ,social,English,Spanish
1964,2025-09-16T08:39:00,IN,social,English,Japanese
1965,2025-09-16T04:52:00,de,organic,English,French
1966,2025-09-16T23:23:00,MX,organic,English,French
1967,2025-09-17T15:59:00,BR,organic,English,German
1968,2025-09-17T01:45:00,JP,social,English,German
1969,2025-09-17T00:33:00,de,organic,English,Italian
1970,2025-09-17T04:06:00,FR,paid_search,English,Spanish
1971,2025-09-17T04:07:00,de,app_store,English,Spanish
1972,2025-09-17T10:38:00,PL,organic,English,French
1973,2025-09-17T18:31:00,FR,app_store,English,German
1974,2025-09-17T12:55:00,BR,paid_search,English,French
1975,2025-09-17T02:52:00,pl ,organic,English,Italian
1976,2025-09-17T12:41:00,JP,social,English,Italian
1977,2025-09-17T01:54:00,PL,organic,English,French
1978,2025-09-17T03:28:00,FR,organic,English,English
1979,2025-09-17T14:26:00,ES,organic,English,Japanese
1980,2025-09-17T12:35:00,MX,organic,English,Spanish
1981,2025-09-17T20:18:00,br,paid_search,English,English
1982,2025-09-17T11:41:00,UK,referral,English,Italian
1983,2025-09-17T20:13:00,IN,organic,English,French
1984,2025-09-17T12:28:00,JP,social,English,German
1985,2025-09-17T02:17:00,GB,paid_search,English,French
1986,2025-09-17T06:15:00,ES,social,English,Italian
1987,2025-09-17T11:05:00,UK,paid_search,English,Spanish
1988,2025-09-17T22:13:00,GB,social,English,Italian
1989,2025-09-18T06:02:00,UK,referral,English,German
1990,2025-09-18T20:44:00,pl ,referral,English,English
1991,2025-09-18T09:03:00,UK,app_store,English,Italian
1992,2025-09-18T13:06:00,BR,social,English,Spanish
1993,2025-09-18T10:29:00,PL,organic,English,Italian
1994,2025-09-18T02:27:00,UK,social,English,English
1995,2025-09-18T23:44:00, US,organic,English,Spanish
1996,2025-09-18T11:01:00,JP,app_store,English,German
1997,2025-09-18T15:39:00,PL,organic,English,English
1998,2025-09-18T20:05:00,FR,paid_search,English,Spanish
1999,2025-09-18T11:11:00,pl ,paid_search,English,Italian
2000,2025-09-18T01:19:00,MX,paid_search,English,Japanese
2001,2025-09-18T22:46:00,IN,organic,English,English
2002,2025-09-18T06:02:00,MX,paid_search,English,English
2003,2025-09-18T18:47:00,BR,organic,English,Spanish
2004,2025-09-18T18:12:00,PL,paid_search,English,Japanese
2005,2025-09-18T21:39:00,UK,organic,English,French
2006,2025-09-18T23:14:00,us,organic,English,English
2007,2025-09-18T02:20:00,PL,organic,English,English
2008,2025-09-18T00:00:00,pl ,organic,English,French
2009,2025-09-18T10:59:00,PL,organic,English,Italian
2010,2025-09-18T10:30:00,BR,organic,English,English
2011,2025-09-18T00:30:00,br,referral,English,Italian
2012,2025-09-19T05:09:00,de,paid_search,English,Italian
2013,2025-09-19T01:50:00,Pl,paid_search,English,Spanish
2014,2025-09-19T17:56:00,US,referral,English,German
2015,2025-09-19T02:50:00,Pl,organic,English,Spanish
2016,2025-09-19T09:26:00,de,organic,English,Japanese
2017,2025-09-19T15:13:00,IN,paid_search,English,German
2018,2025-09-19T02:07:00,FR,app_store,English,Japanese
2019,2025-09-19T22:41:00,ES,paid_search,English,Italian
2020,2025-09-19T14:36:00,br,social,English,English
2021,2025-09-19T12:53:00,us,social,English,German
2022,2025-09-19T05:37:00,ES,paid_search,English,English
2023,2025-09-19T09:58:00,GB,referral,English,English
2024,2025-09-19T14:36:00,MX,organic,English,Italian
2025,2025-09-19T11:44:00,FR,organic,English,French
2026,2025-09-19T23:51:00, US,paid_search,English,Italian
2027,2025-09-19T17:41:00,pl ,referral,English,German
2028,2025-09-19T23:46:00,MX,organic,English,German
2029,2025-09-19T06:24:00,IN,organic,English,Spanish
2030,2025-09-19T00:50:00,BR,organic,English,German
2031,2025-09-19T19:43:00,DE,referral,English,Spanish
2032,2025-09-19T05:32:00,DE,organic,English,German
2033,2025-09-19T09:15:00,GB,organic,English,Japanese
2034,2025-09-19T23:43:00,DE,paid_search,English,French
2035,2025-09-20T22:14:00,IN,organic,English,Japanese
2036,2025-09-20T08:16:00,IN,organic,English,Spanish
2037,2025-09-20T14:00:00,ES,app_store,English,English
2038,2025-09-20T12:34:00,JP,organic,English,German
2039,2025-09-20T15:40:00,JP,organic,English,Japanese
2040,2025-09-20T15:34:00,IN,social,English,German
2041,2025-09-20T11:07:00,Pl,social,English,Italian
2042,2025-09-20T09:39:00,US,referral,English,Japanese
2043,2025-09-20T17:20:00,Pl,organic,English,Japanese
2044,2025-09-20T01:17:00,US,app_store,English,French
2045,2025-09-20T17:39:00,FR,app_store,English,Japanese
2046,2025-09-20T12:31:00,JP,paid_search,English,English
2047,2025-09-20T03:35:00,FR,app_store,English,Japanese
2048,2025-09-20T06:25:00,GB,referral,English,French
2049,2025-09-20T03:49:00,FR,organic,English,English
2050,2025-09-20T17:47:00,UK,paid_search,English,Spanish
2051,2025-09-20T21:50:00,DE,organic,English,German
2052,2025-09-20T12:28:00,JP,social,English,German
2053,2025-09-20T03:20:00,us,referral,English,Japanese
2054,2025-09-20T02:27:00,us,referral,English,Japanese
2055,2025-09-20T14:02:00,ES,organic,English,Italian
2056,2025-09-20T08:01:00,FR,referral,English,English
2057,2025-09-20T13:27:00,FR,paid_search,English,German
2058,2025-09-20T01:11:00,UK,referral,English,German
2059,2025-09-20T00:16:00,ES,organic,English,German
2060,2025-09-20T11:43:00,de,organic,English,Japanese
2061,2025-09-20T14:28:00,Pl,organic,English,German
2062,2025-09-20T21:29:00,ES,organic,English,German
2063,2025-09-21T14:36:00,BR,organic,English,Spanish
2064,2025-09-21T20:52:00,JP,social,English,French
2065,2025-09-21T15:22:00, US,social,English,German
2066,2025-09-21T12:37:00,IN,paid_search,English,English
2067,2025-09-21T00:22:00,FR,paid_search,English,Spanish
2068,2025-09-21T07:25:00,DE,organic,English,German
2069,2025-09-21T06:08:00,Pl,paid_search,English,Japanese
2070,2025-09-21T13:32:00,IN,referral,English,French
2071,2025-09-21T11:05:00,UK,organic,English,English
2072,2025-09-21T14:13:00,MX,organic,English,Italian
2073,2025-09-21T14:08:00,pl ,organic,English,Italian
2074,2025-09-21T23:05:00,us,social,English,Spanish
2075,2025-09-21T12:46:00,us,social,English,French
2076,2025-09-21T10:16:00,US,app_store,English,Italian
2077,2025-09-21T10:50:00,ES,social,English,Spanish
2078,2025-09-21T21:17:00,pl ,organic,English,English
2079,2025-09-21T06:35:00,us,social,English,English
2080,2025-09-21T07:48:00,JP,referral,English,Japanese
2081,2025-09-21T11:29:00,FR,organic,English,Italian
2082,2025-09-21T08:05:00,us,paid_search,English,English
2083,2025-09-21T01:30:00,MX,organic,English,Italian
2084,2025-09-21T01:32:00,FR,organic,English,Japanese
2085,2025-09-21T06:22:00,GB,social,English,German
2086,2025-09-21T01:34:00,pl ,paid_search,English,Spanish
2087,2025-09-21T15:43:00,ES,social,English,French
2088,2025-09-21T08:22:00,IN,organic,English,Spanish
2089,2025-09-21T15:34:00,GB,paid_search,English,Japanese
2090,2025-09-21T18:58:00,BR,paid_search,English,English
2091,2025-09-22T11:24:00,DE,paid_search,English,Japanese
2092,2025-09-22T09:01:00,IN,social,English,English
2093,2025-09-22T12:05:00,UK,paid_search,English,English
2094,2025-09-22T18:10:00,UK,organic,English,French
2095,2025-09-22T02:43:00,de,organic,English,Italian
2096,2025-09-22T14:11:00,JP,organic,English,Spanish
2097,2025-09-22T08:39:00,MX,app_store,English,French
2098,2025-09-22T11:02:00,ES,paid_search,English,German
2099,2025-09-22T17:00:00,br,social,English,English
2100,2025-09-22T17:45:00,us,social,English,Spanish
2101,2025-09-22T19:58:00,PL,organic,English,German
2102,2025-09-22T01:14:00,pl ,app_store,English,English
2103,2025-09-22T17:42:00,IN,app_store,English,Spanish
2104,2025-09-22T03:20:00,GB,organic,English,Japanese
2105,2025-09-22T05:04:00,JP,organic,English,German
2106,2025-09-22T22:20:00,FR,organic,English,English
2107,2025-09-22T17:27:00,BR,organic,English,Spanish
2108,2025-09-22T19:14:00,FR,organic,English,Japanese
2109,2025-09-22T05:06:00,PL,app_store,English,French
2110,2025-09-22T02:05:00,FR,paid_search,English,French
2111,2025-09-22T08:17:00,FR,organic,English,Japanese
2112,2025-09-22T15:40:00,ES,social,English,Japanese
2113,2025-09-22T13:19:00,FR,organic,English,German
2114,2025-09-23T05:25:00,de,organic,English,English
2115,2025-09-23T17:40:00,FR,organic,English,English
2116,2025-09-23T21:39:00,us,referral,English,German
2117,2025-09-23T22:43:00,UK,paid_search,English,Italian
2118,2025-09-23T19:36:00,pl ,social,English,Japanese
2119,2025-09-23T07:58:00,ES,organic,English,Spanish
2120,2025-09-23T03:06:00,PL,app_store,English,Japanese
2121,2025-09-23T20:36:00,us,organic,English,English
2122,2025-09-23T12:43:00,UK,organic,English,Spanish
2123,2025-09-23T15:49:00,ES,social,English,Italian
2124,2025-09-23T19:59:00,IN,organic,English,German
2125,2025-09-23T05:36:00,UK,social,English,Japanese
2126,2025-09-23T17:48:00, US,organic,English,Spanish
2127,2025-09-23T02:16:00,JP,paid_search,English,Japanese
2128,2025-09-23T03:47:00,UK,paid_search,English,German
2129,2025-09-23T08:13:00,BR,organic,English,Japanese
2130,2025-09-23T02:18:00,MX,app_store,English,Italian
2131,2025-09-23T09:43:00,Pl,social,English,Japanese
2132,2025-09-23T15:02:00,JP,app_store,English,Italian
2133,2025-09-23T13:38:00,IN,organic,English,Spanish
2134,2025-09-23T16:56:00,pl ,paid_search,English,French
2135,2025-09-23T23:22:00,br,social,English,Italian
2136,2025-09-23T17:58:00,MX,referral,English,Italian
2137,2025-09-24T14:42:00,MX,organic,English,English
2138,2025-09-24T15:25:00,IN,paid_search,English,Italian
2139,2025-09-24T06:58:00,pl ,organic,English,French
2140,2025-09-24T06:21:00,MX,organic,English,Italian
2141,2025-09-24T10:23:00,br,paid_search,English,Spanish
2142,2025-09-24T12:51:00,PL,paid_search,English,Italian
2143,2025-09-24T17:46:00,br,organic,English,German
2144,2025-09-24T22:17:00,IN,organic,English,Japanese
2145,2025-09-24T19:52:00,GB,social,English,Spanish
2146,2025-09-24T15:58:00,GB,organic,English,English
2147,2025-09-24T18:59:00,FR,social,English,French
2148,2025-09-24T14:48:00,DE,organic,English,Japanese
2149,2025-09-24T22:07:00,US,app_store,English,French
2150,2025-09-24T12:46:00,Pl,referral,English,English
2151,2025-09-24T12:23:00,UK,social,English,English
2152,2025-09-24T17:05:00,FR,paid_search,English,English
2153,2025-09-24T12:00:00,de,paid_search,English,English
2154,2025-09-24T02:03:00,IN,organic,English,Japanese
2155,2025-09-24T12:04:00,br,organic,English,English
2156,2025-09-24T17:44:00,FR,app_store,English,French
2157,2025-09-24T09:31:00,BR,organic,English,Spanish
2158,2025-09-24T12:59:00,br,organic,English,English
2159,2025-09-24T11:35:00,MX,paid_search,English,Spanish
2160,2025-09-25T14:04:00,PL,social,English,English
2161,2025-09-25T19:00:00,IN,organic,English,French
2162,2025-09-25T10:07:00,pl ,social,English,Spanish
2163,2025-09-25T02:48:00,de,referral,English,French
2164,2025-09-25T02:39:00,MX,organic,English,German
2165,2025-09-25T10:13:00,US,app_store,English,English
2166,2025-09-25T09:19:00,DE,paid_search,English,German
2167,2025-09-25T23:58:00,PL,organic,English,French
2168,2025-09-25T10:02:00,MX,organic,English,Spanish
2169,2025-09-25T20:53:00,FR,paid_search,English,Spanish
2170,2025-09-25T09:26:00,FR,organic,English,French
2171,2025-09-25T06:08:00,US,organic,English,Spanish
2172,2025-09-25T21:43:00,IN,app_store,English,German
2173,2025-09-25T00:42:00,ES,social,English,Italian
2174,2025-09-25T14:18:00,pl ,social,English,Japanese
2175,2025-09-25T11:48:00,FR,app_store,English,French
2176,2025-09-25T02:17:00,FR,referral,English,English
2177,2025-09-25T20:23:00,Pl,organic,English,English
2178,2025-09-25T17:45:00,JP,social,English,French
2179,2025-09-25T02:10:00,Pl,paid_search,English,French
2180,2025-09-25T13:32:00,UK,social,English,English
2181,2025-09-25T00:15:00,JP,paid_search,English,French
2182,2025-09-25T01:14:00,FR,organic,English,English
2183,2025-09-26T19:15:00,FR,paid_search,English,English
2184,2025-09-26T19:16:00,us,social,English,Spanish
2185,2025-09-26T13:09:00,MX,organic,English,German
2186,2025-09-26T22:33:00,MX,social,English,Japanese
2187,2025-09-26T12:46:00, US,referral,English,Japanese
2188,2025-09-26T10:41:00,FR,organic,English,French
2189,2025-09-26T18:23:00,JP,organic,English,French
2190,2025-09-26T13:52:00,MX,organic,English,English
2191,2025-09-26T21:19:00,MX,paid_search,English,English
2192,2025-09-26T10:18:00,IN,paid_search,English,German
2193,2025-09-26T22:07:00,JP,paid_search,English,Spanish
2194,2025-09-26T11:40:00,FR,organic,English,German
2195,2025-09-26T06:42:00,Pl,paid_search,English,Spanish
2196,2025-09-26T17:14:00,FR,organic,English,Italian
2197,2025-09-26T20:33:00,UK,organic,English,German
2198,2025-09-26T08:43:00,GB,paid_search,English,Japanese
2199,2025-09-26T17:01:00, US,paid_search,English,English
2200,2025-09-26T03:44:00,IN,referral,English,English
2201,2025-09-26T10:11:00,MX,organic,English,English
2202,2025-09-26T08:26:00,BR,social,English,Japanese
2203,2025-09-26T22:03:00,us,social,English,Japanese
2204,2025-09-26T11:32:00,DE,paid_search,English,Spanish
2205,2025-09-26T13:09:00,Pl,social,English,English
2206,2025-09-27T03:00:00,FR,organic,English,English
2207,2025-09-27T23:55:00,MX,organic,English,German
2208,2025-09-27T20:26:00,pl ,organic,English,Italian
2209,2025-09-27T01:02:00,pl ,organic,English,Japanese
2210,2025-09-27T07:09:00,FR,social,English,German
2211,2025-09-27T11:16:00,br,paid_search,English,Japanese
2212,2025-09-27T19:18:00,FR,organic,English,English
2213,2025-09-27T21:15:00,ES,social,English,Italian
2214,2025-09-27T08:20:00,us,organic,English,Japanese
2215,2025-09-27T21:36:00,MX,paid_search,English,Japanese
2216,2025-09-27T01:02:00,br,social,English,French
2217,2025-09-27T12:58:00,br,social,English,English
2218,2025-09-27T13:48:00,JP,organic,English,English
2219,2025-09-27T21:42:00,JP,organic,English,French
2220,2025-09-27T06:12:00,DE,paid_search,English,French
2221,2025-09-27T03:30:00,UK,organic,English,Italian
2222,2025-09-27T05:19:00, US,app_store,English,French
2223,2025-09-27T07:05:00,MX,organic,English,French
2224,2025-09-27T08:46:00,JP,social,English,Japanese
2225,2025-09-27T08:31:00,MX,paid_search,English,Japanese
2226,2025-09-27T20:57:00,FR,organic,English,Japanese
2227,2025-09-27T16:40:00,ES,paid_search,English,Italian
2228,2025-09-27T23:08:00,UK,organic,English,English
2229,2025-09-27T23:36:00,UK,paid_search,English,Japanese
2230,2025-09-27T20:21:00,pl ,paid_search,English,Japanese
2231,2025-09-27T07:26:00,us,social,English,English
2232,2025-09-27T01:45:00,FR,referral,English,English
2233,2025-09-27T13:12:00,MX,paid_search,English,Spanish
2234,2025-09-27T01:58:00,DE,social,English,German
2235,2025-09-28T16:21:00,MX,referral,English,Japanese
2236,2025-09-28T08:01:00,MX,organic,English,English
2237,2025-09-28T05:45:00,GB,social,English,German
2238,2025-09-28T14:28:00,br,social,English,Spanish
2239,2025-09-28T17:09:00, US,app_store,English,Spanish
2240,2025-09-28T21:20:00,de,organic,English,French
2241,2025-09-28T20:11:00,BR,organic,English,German
2242,2025-09-28T19:47:00,DE,social,English,Japanese
2243,2025-09-28T15:41:00,MX,organic,English,Japanese
2244,2025-09-28T09:38:00,MX,paid_search,English,Italian
2245,2025-09-28T02:52:00,JP,paid_search,English,German
2246,2025-09-28T19:27:00,BR,social,English,Spanish
2247,2025-09-28T03:10:00,GB,organic,English,Japanese
2248,2025-09-28T02:24:00,Pl,organic,English,Japanese
2249,2025-09-28T04:50:00,br,app_store,English,Spanish
2250,2025-09-28T16:19:00,ES,organic,English,Italian
2251,2025-09-28T11:23:00, US,social,English,English
2252,2025-09-28T08:09:00,br,paid_search,English,Spanish
2253,2025-09-28T15:25:00,pl ,referral,English,French
2254,2025-09-28T08:17:00,ES,organic,English,Japanese
2255,2025-09-28T21:11:00,MX,paid_search,English,Japanese
2256,2025-09-28T03:40:00, US,paid_search,English,German
2257,2025-09-28T15:52:00,PL,organic,English,Spanish
2258,2025-09-28T12:01:00,GB,paid_search,English,Japanese
2259,2025-09-28T07:07:00,PL,organic,English,Spanish
2260,2025-09-28T22:41:00,br,paid_search,English,English
2261,2025-09-28T19:42:00,FR,organic,English,Spanish
2262,2025-09-28T07:39:00,pl ,social,English,German
2263,2025-09-28T21:21:00,UK,organic,English,Spanish
2264,2025-09-29T22:10:00, US,app_store,English,Italian
2265,2025-09-29T22:29:00,MX,referral,English,French
2266,2025-09-29T12:04:00,IN,paid_search,English,Italian
2267,2025-09-29T03:03:00,JP,app_store,English,Spanish
2268,2025-09-29T10:24:00,ES,organic,English,German
2269,2025-09-29T09:37:00,JP,organic,English,English
2270,2025-09-29T02:13:00,br,paid_search,English,Italian
2271,2025-09-29T11:02:00,DE,organic,English,French
2272,2025-09-29T00:07:00,PL,social,English,English
2273,2025-09-29T22:53:00,IN,organic,English,Japanese
2274,2025-09-29T14:59:00,FR,social,English,English
2275,2025-09-29T08:15:00,BR,paid_search,English,French
2276,2025-09-29T13:48:00,PL,app_store,English,Italian
2277,2025-09-29T21:35:00,br,social,English,French
2278,2025-09-29T17:43:00,PL,paid_search,English,Japanese
2279,2025-09-29T08:50:00,JP,organic,English,Spanish
2280,2025-09-29T16:27:00,IN,organic,English,Spanish
2281,2025-09-29T12:11:00,DE,paid_search,English,French
2282,2025-09-29T17:29:00,DE,app_store,English,Japanese
2283,2025-09-29T07:35:00,de,referral,English,English
2284,2025-09-29T15:44:00,br,organic,English,English
2285,2025-09-29T10:26:00, US,organic,English,Spanish
2286,2025-09-29T05:25:00, US,referral,English,Italian
2287,2025-09-30T20:42:00,IN,organic,English,Italian
2288,2025-09-30T17:39:00, US,organic,English,Japanese
2289,2025-09-30T11:20:00,BR,organic,English,Japanese
2290,2025-09-30T06:25:00,FR,social,English,Italian
2291,2025-09-30T06:32:00,MX,social,English,Japanese
2292,2025-09-30T20:06:00,IN,social,English,Japanese
2293,2025-09-30T04:34:00,ES,organic,English,Japanese
2294,2025-09-30T13:57:00,MX,organic,English,Italian
2295,2025-09-30T00:10:00,Pl,paid_search,English,Italian
2296,2025-09-30T04:59:00,FR,organic,English,Italian
2297,2025-09-30T11:22:00,IN,paid_search,English,German
2298,2025-09-30T11:26:00,US,paid_search,English,German
2299,2025-09-30T12:30:00,MX,app_store,English,Spanish
2300,2025-09-30T04:46:00,BR,social,English,French
2301,2025-09-30T06:50:00,FR,organic,English,Spanish
2302,2025-09-30T00:11:00,de,app_store,English,French
2303,2025-09-30T02:06:00,GB,social,English,English
2304,2025-09-30T07:43:00,MX,social,English,Japanese
2305,2025-09-30T00:04:00,ES,social,English,Japanese
2306,2025-09-30T04:22:00,BR,paid_search,English,Japanese
2307,2025-09-30T08:57:00,UK,social,English,English
2308,2025-09-30T14:07:00,us,paid_search,English,French
2309,2025-09-30T16:41:00,us,paid_search,English,Italian
2310,2025-10-01T20:28:00, US,organic,English,Japanese
2311,2025-10-01T21:03:00,us,paid_search,English,German
2312,2025-10-01T04:17:00,MX,organic,English,French
2313,2025-10-01T18:41:00,br,organic,English,English
2314,2025-10-01T16:06:00,de,organic,English,Spanish
2315,2025-10-01T01:15:00,JP,app_store,English,German
2316,2025-10-01T12:20:00,JP,organic,English,Italian
2317,2025-10-01T06:27:00,Pl,organic,English,French
2318,2025-10-01T06:58:00,JP,paid_search,English,English
2319,2025-10-01T11:31:00,FR,organic,English,French
2320,2025-10-01T16:00:00,DE,social,English,English
2321,2025-10-01T07:37:00,JP,social,English,French
2322,2025-10-01T22:01:00,IN,organic,English,French
2323,2025-10-01T20:15:00,JP,app_store,English,English
2324,2025-10-01T07:07:00,US,paid_search,English,Spanish
2325,2025-10-01T23:53:00,Pl,social,English,Spanish
2326,2025-10-01T21:24:00,de,social,English,Spanish
2327,2025-10-01T14:04:00,MX,organic,English,Spanish
2328,2025-10-01T22:58:00,us,organic,English,English
2329,2025-10-01T00:48:00,GB,organic,English,Italian
2330,2025-10-01T13:09:00,IN,social,English,German
2331,2025-10-01T23:22:00,BR,app_store,English,Spanish
2332,2025-10-01T14:19:00,GB,organic,English,Japanese
2333,2025-10-02T22:49:00,MX,referral,English,French
2334,2025-10-02T22:53:00,JP,organic,English,Japanese
2335,2025-10-02T12:24:00,GB,app_store,English,Japanese
2336,2025-10-02T23:02:00,de,paid_search,English,German
2337,2025-10-02T00:59:00,IN,social,English,Spanish
2338,2025-10-02T09:19:00, US,social,English,English
2339,2025-10-02T17:05:00, US,paid_search,English,French
2340,2025-10-02T20:48:00,ES,organic,English,Japanese
2341,2025-10-02T04:43:00,JP,referral,English,Japanese
2342,2025-10-02T07:44:00,FR,organic,English,Italian
2343,2025-10-02T23:25:00,DE,app_store,English,Spanish
2344,2025-10-02T21:57:00,BR,referral,English,German
2345,2025-10-02T13:42:00,br,paid_search,English,English
2346,2025-10-02T02:42:00,FR,paid_search,English,Spanish
2347,2025-10-02T22:33:00,UK,organic,English,Spanish
2348,2025-10-02T17:54:00,US,social,English,French
2349,2025-10-02T16:05:00,GB,organic,English,German
2350,2025-10-02T23:19:00,FR,social,English,Italian
2351,2025-10-02T20:13:00,IN,paid_search,English,English
2352,2025-10-02T11:12:00,US,social,English,Italian
2353,2025-10-02T18:10:00,MX,paid_search,English,Spanish
2354,2025-10-02T10:10:00,UK,social,English,Italian
2355,2025-10-02T11:08:00,MX,paid_search,English,Italian
2356,2025-10-03T11:22:00,GB,paid_search,English,Japanese
2357,2025-10-03T23:15:00,BR,app_store,English,Japanese
2358,2025-10-03T08:28:00,ES,paid_search,English,French
2359,2025-10-03T13:57:00,PL,app_store,English,English
2360,2025-10-03T23:39:00,FR,paid_search,English,Italian
2361,2025-10-03T20:47:00,BR,referral,English,Italian
2362,2025-10-03T08:40:00,ES,organic,English,German
2363,2025-10-03T01:01:00,FR,paid_search,English,Japanese
2364,2025-10-03T22:13:00,ES,organic,English,French
2365,2025-10-03T07:19:00,br,organic,English,Italian
2366,2025-10-03T13:57:00,PL,paid_search,English,English
2367,2025-10-03T22:38:00,BR,paid_search,English,German
2368,2025-10-03T04:39:00,DE,organic,English,German
2369,2025-10-03T00:26:00,JP,social,English,Italian
2370,2025-10-03T06:14:00,ES,organic,English,Italian
2371,2025-10-03T00:32:00,US,social,English,Italian
2372,2025-10-03T10:25:00,ES,referral,English,French
2373,2025-10-03T01:33:00,pl ,referral,English,English
2374,2025-10-03T21:07:00,FR,organic,English,English
2375,2025-10-03T08:09:00,JP,social,English,English
2376,2025-10-03T03:20:00,ES,organic,English,Spanish
2377,2025-10-03T12:23:00,IN,social,English,Spanish
2378,2025-10-03T06:05:00,ES,paid_search,English,Japanese
2379,2025-10-04T18:27:00,br,app_store,English,Italian
2380,2025-10-04T18:41:00,pl ,paid_search,English,English
2381,2025-10-04T00:17:00,JP,referral,English,German
2382,2025-10-04T19:16:00,IN,app_store,English,Japanese
2383,2025-10-04T22:25:00,IN,app_store,English,Japanese
2384,2025-10-04T12:01:00,DE,paid_search,English,German
2385,2025-10-04T08:44:00,IN,organic,English,English
2386,2025-10-04T06:28:00,JP,organic,English,Japanese
2387,2025-10-04T17:07:00,IN,app_store,English,German
2388,2025-10-04T16:26:00,MX,organic,English,Spanish
2389,2025-10-04T02:40:00,UK,social,English,English
2390,2025-10-04T10:12:00,ES,referral,English,Japanese
2391,2025-10-04T12:42:00,PL,organic,English,Italian
2392,2025-10-04T12:54:00,ES,organic,English,French
2393,2025-10-04T23:27:00,IN,referral,English,Italian
2394,2025-10-04T12:59:00,JP,social,English,French
2395,2025-10-04T12:51:00,US,paid_search,English,English
2396,2025-10-04T03:44:00,JP,organic,English,English
2397,2025-10-04T01:22:00,IN,organic,English,English
2398,2025-10-04T15:48:00,de,paid_search,English,German
2399,2025-10-04T05:44:00,de,social,English,Italian
2400,2025-10-04T07:56:00,FR,organic,English,Italian
2401,2025-10-04T20:35:00,de,organic,English,Italian
2402,2025-10-04T13:32:00,IN,paid_search,English,French
2403,2025-10-04T15:21:00,FR,paid_search,English,English
2404,2025-10-04T15:37:00,UK,organic,English,German
2405,2025-10-04T13:59:00,pl ,social,English,French
2406,2025-10-04T03:24:00,ES,organic,English,Italian
2407,2025-10-04T23:26:00,de,organic,English,German
2408,2025-10-04T08:36:00,JP,organic,English,French
2409,2025-10-05T06:43:00,pl ,organic,English,Italian
2410,2025-10-05T21:24:00,MX,organic,English,French
2411,2025-10-05T14:40:00,ES,organic,English,Spanish
2412,2025-10-05T12:55:00,DE,organic,English,Spanish
2413,2025-10-05T06:32:00,UK,paid_search,English,English
2414,2025-10-05T11:02:00,MX,social,English,French
2415,2025-10-05T04:17:00,FR,referral,English,French
2416,2025-10-05T17:45:00,us,organic,English,Italian
2417,2025-10-05T21:29:00,DE,paid_search,English,Italian
2418,2025-10-05T00:54:00,FR,paid_search,English,French
2419,2025-10-05T16:51:00,JP,organic,English,Spanish
2420,2025-10-05T06:50:00,MX,paid_search,English,Spanish
2421,2025-10-05T02:02:00,MX,social,English,Japanese
2422,2025-10-05T23:31:00, US,organic,English,German
2423,2025-10-05T02:19:00, US,organic,English,Italian
2424,2025-10-05T08:47:00,JP,organic,English,French
2425,2025-10-05T16:28:00,pl ,paid_search,English,German
2426,2025-10-05T10:06:00,MX,organic,English,English
2427,2025-10-05T18:39:00,FR,paid_search,English,French
2428,2025-10-05T18:57:00, US,organic,English,French
2429,2025-10-05T14:47:00,UK,social,English,Japanese
2430,2025-10-05T08:11:00,MX,social,English,English
2431,2025-10-05T00:30:00,IN,organic,English,English
2432,2025-10-05T03:08:00,MX,paid_search,English,German
2433,2025-10-05T22:54:00,IN,app_store,English,Italian
2434,2025-10-05T12:03:00,IN,app_store,English,French
2435,2025-10-05T13:39:00,ES,organic,English,English
2436,2025-10-05T22:34:00,IN,referral,English,Spanish
2437,2025-10-05T06:11:00,de,organic,English,German
2438,2025-10-05T16:47:00,PL,paid_search,English,Italian
2439,2025-10-06T19:10:00,US,organic,English,Japanese
2440,2025-10-06T05:46:00,DE,organic,English,Spanish
2441,2025-10-06T23:10:00,JP,organic,English,Spanish
2442,2025-10-06T05:30:00,JP,paid_search,English,Spanish
2443,2025-10-06T17:55:00,PL,organic,English,German
2444,2025-10-06T21:58:00,ES,social,English,Japanese
2445,2025-10-06T21:02:00,PL,referral,English,Italian
2446,2025-10-06T09:21:00,JP,organic,English,German
2447,2025-10-06T07:56:00,de,organic,English,Spanish
2448,2025-10-06T16:53:00,Pl,organic,English,Spanish
2449,2025-10-06T16:30:00,IN,referral,English,Italian
2450,2025-10-06T09:02:00,us,organic,English,Japanese
2451,2025-10-06T12:42:00,ES,social,English,Spanish
2452,2025-10-06T21:48:00,JP,app_store,English,English
2453,2025-10-06T21:23:00,ES,organic,English,German
2454,2025-10-06T21:27:00,de,app_store,English,Japanese
2455,2025-10-06T18:12:00,UK,app_store,English,English
2456,2025-10-06T15:28:00,IN,paid_search,English,English
2457,2025-10-06T22:16:00,IN,referral,English,Spanish
2458,2025-10-06T01:07:00,BR,organic,English,German
2459,2025-10-06T04:13:00,ES,app_store,English,English
2460,2025-10-06T00:53:00,br,organic,English,French
2461,2025-10-06T18:01:00,IN,paid_search,English,Italian
2462,2025-10-06T19:24:00,Pl,paid_search,English,French
2463,2025-10-07T13:43:00,MX,social,English,Spanish
2464,2025-10-07T05:00:00,FR,organic,English,Japanese
2465,2025-10-07T04:42:00,GB,social,English,French
2466,2025-10-07T04:34:00,JP,app_store,English,French
2467,2025-10-07T09:26:00,DE,paid_search,English,Italian
2468,2025-10-07T21:43:00,FR,app_store,English,English
2469,2025-10-07T00:35:00,br,paid_search,English,German
2470,2025-10-07T07:27:00,IN,referral,English,Spanish
2471,2025-10-07T10:02:00,GB,organic,English,French
2472,2025-10-07T13:10:00,IN,paid_search,English,Japanese
2473,2025-10-07T21:27:00,IN,app_store,English,Italian
2474,2025-10-07T16:42:00,PL,paid_search,English,English
2475,2025-10-07T16:54:00,ES,social,English,German
2476,2025-10-07T21:45:00,MX,app_store,English,Italian
2477,2025-10-07T14:02:00,us,organic,English,English
2478,2025-10-07T13:52:00,GB,organic,English,Japanese
2479,2025-10-07T13:37:00,de,app_store,English,German
2480,2025-10-07T00:07:00,DE,organic,English,German
2481,2025-10-07T23:01:00,pl ,paid_search,English,English
2482,2025-10-07T08:26:00,Pl,paid_search,English,English
2483,2025-10-07T00:48:00,GB,app_store,English,Japanese
2484,2025-10-07T14:12:00,MX,social,English,French
2485,2025-10-07T15:34:00, US,referral,English,Spanish
2486,2025-10-07T22:12:00,IN,paid_search,English,French
2487,2025-10-08T02:08:00,pl ,organic,English,Spanish
2488,2025-10-08T20:59:00,pl ,referral,English,Spanish
2489,2025-10-08T01:50:00,ES,paid_search,English,Japanese
2490,2025-10-08T22:47:00,PL,organic,English,German
2491,2025-10-08T00:43:00,GB,organic,English,Italian
2492,2025-10-08T06:57:00,UK,social,English,German
2493,2025-10-08T13:17:00,JP,organic,English,English
2494,2025-10-08T03:43:00,MX,organic,English,Italian
2495,2025-10-08T05:34:00,MX,organic,English,French
2496,2025-10-08T08:43:00,FR,organic,English,English
2497,2025-10-08T22:42:00,br,app_store,English,French
2498,2025-10-08T08:24:00,us,social,English,French
2499,2025-10-08T23:26:00,JP,social,English,English
2500,2025-10-08T00:48:00,MX,referral,English,Italian
2501,2025-10-08T01:25:00,PL,organic,English,Japanese
2502,2025-10-08T18:18:00,ES,organic,English,French
2503,2025-10-08T06:20:00,PL,organic,English,Italian
2504,2025-10-08T15:35:00,JP,organic,English,English
2505,2025-10-08T03:49:00,Pl,paid_search,English,Spanish
2506,2025-10-08T12:41:00,pl ,referral,English,French
2507,2025-10-08T07:58:00,JP,referral,English,Japanese
2508,2025-10-08T18:14:00,PL,organic,English,German
2509,2025-10-08T13:11:00,BR,organic,English,English
2510,2025-10-08T09:40:00,FR,social,English,Japanese
2511,2025-10-09T21:12:00,MX,organic,English,English
2512,2025-10-09T16:41:00,MX,paid_search,English,French
2513,2025-10-09T04:04:00,br,social,English,English
2514,2025-10-09T13:44:00,pl ,organic,English,English
2515,2025-10-09T23:45:00,Pl,organic,English,Japanese
2516,2025-10-09T09:06:00,br,organic,English,Italian
2517,2025-10-09T11:37:00,ES,referral,English,French
2518,2025-10-09T23:51:00,JP,organic,English,Japanese
2519,2025-10-09T20:54:00,MX,paid_search,English,Italian
2520,2025-10-09T18:12:00,JP,paid_search,English,English
2521,2025-10-09T07:01:00,PL,organic,English,English
2522,2025-10-09T14:54:00,GB,organic,English,Italian
2523,2025-10-09T16:20:00,FR,social,English,French
2524,2025-10-09T17:25:00,MX,app_store,English,Italian
2525,2025-10-09T19:36:00,JP,organic,English,Spanish
2526,2025-10-09T17:51:00,US,paid_search,English,Japanese
2527,2025-10-09T19:56:00,GB,social,English,German
2528,2025-10-09T02:55:00,FR,organic,English,German
2529,2025-10-09T19:41:00,DE,app_store,English,Spanish
2530,2025-10-09T15:08:00,ES,organic,English,French
2531,2025-10-09T22:18:00,JP,referral,English,Japanese
2532,2025-10-09T02:59:00, US,paid_search,English,Japanese
2533,2025-10-09T18:22:00,JP,organic,English,Spanish
2534,2025-10-09T04:59:00,MX,organic,English,Spanish
2535,2025-10-10T08:10:00,MX,organic,English,Italian
2536,2025-10-10T11:23:00,US,organic,English,Spanish
2537,2025-10-10T03:48:00,de,referral,English,Spanish
2538,2025-10-10T18:12:00,JP,social,English,Japanese
2539,2025-10-10T15:45:00,PL,organic,English,Japanese
2540,2025-10-10T02:45:00, US,app_store,English,English
2541,2025-10-10T13:57:00,JP,app_store,English,English
2542,2025-10-10T15:43:00,de,paid_search,English,German
2543,2025-10-10T03:19:00,FR,social,English,English
2544,2025-10-10T06:39:00,IN,paid_search,English,German
2545,2025-10-10T17:46:00,IN,organic,English,English
2546,2025-10-10T11:03:00,br,organic,English,Spanish
2547,2025-10-10T13:06:00,br,paid_search,English,French
2548,2025-10-10T21:04:00,FR,organic,English,German
2549,2025-10-10T17:56:00,MX,paid_search,English,English
2550,2025-10-10T00:27:00,UK,paid_search,English,English
2551,2025-10-10T01:16:00,JP,organic,English,Spanish
2552,2025-10-10T23:42:00,FR,organic,English,English
2553,2025-10-10T13:27:00,Pl,organic,English,Italian
2554,2025-10-10T16:25:00,ES,organic,English,Italian
2555,2025-10-10T23:49:00,de,organic,English,French
2556,2025-10-10T04:18:00, US,paid_search,English,French
2557,2025-10-10T22:05:00,FR,organic,English,English
2558,2025-10-10T10:58:00,GB,paid_search,English,English
2559,2025-10-11T18:56:00,us,organic,English,English
2560,2025-10-11T16:00:00,IN,referral,English,Japanese
2561,2025-10-11T11:17:00,GB,social,English,English
2562,2025-10-11T16:35:00,US,social,English,French
2563,2025-10-11T19:22:00,PL,paid_search,English,German
2564,2025-10-11T11:09:00,GB,social,English,Japanese
2565,2025-10-11T08:33:00,MX,paid_search,English,Italian
2566,2025-10-11T15:44:00,FR,organic,English,Spanish
2567,2025-10-11T01:42:00, US,referral,English,Italian
2568,2025-10-11T17:11:00,IN,paid_search,English,Japanese
2569,2025-10-11T02:40:00,UK,referral,English,Spanish
2570,2025-10-11T03:48:00,US,app_store,English,German
2571,2025-10-11T10:22:00,ES,paid_search,English,English
2572,2025-10-11T20:07:00,MX,social,English,Japanese
2573,2025-10-11T07:07:00,FR,paid_search,English,German
2574,2025-10-11T06:12:00,br,social,English,German
2575,2025-10-11T13:13:00,br,referral,English,German
2576,2025-10-11T09:25:00,ES,paid_search,English,Spanish
2577,2025-10-11T06:06:00,br,organic,English,French
2578,2025-10-11T09:08:00,FR,paid_search,English,English
2579,2025-10-11T10:35:00,br,social,English,Spanish
2580,2025-10-11T08:26:00,ES,social,English,German
2581,2025-10-11T00:32:00,us,social,English,Japanese
2582,2025-10-11T23:53:00,IN,paid_search,English,Italian
2583,2025-10-11T04:40:00,JP,referral,English,Japanese
2584,2025-10-11T22:58:00,JP,organic,English,Italian
2585,2025-10-11T17:51:00,Pl,social,English,English
2586,2025-10-11T03:30:00,JP,social,English,Japanese
2587,2025-10-11T07:05:00,PL,app_store,English,Italian
2588,2025-10-11T20:10:00,MX,organic,English,German
2589,2025-10-11T06:00:00,Pl,social,English,Japanese
2590,2025-10-12T03:20:00,MX,paid_search,English,Japanese
2591,2025-10-12T13:14:00,UK,paid_search,English,English
2592,2025-10-12T00:12:00,DE,referral,English,German
2593,2025-10-12T20:45:00,JP,social,English,French
2594,2025-10-12T09:47:00,ES,app_store,English,French
2595,2025-10-12T17:45:00,de,organic,English,French
2596,2025-10-12T09:55:00,ES,organic,English,English
2597,2025-10-12T10:37:00,de,organic,English,French
2598,2025-10-12T23:56:00,UK,organic,English,Spanish
2599,2025-10-12T23:30:00,PL,organic,English,French
2600,2025-10-12T07:53:00,MX,social,English,Italian
2601,2025-10-12T00:55:00,BR,social,English,Japanese
2602,2025-10-12T20:13:00,FR,paid_search,English,Japanese
2603,2025-10-12T09:02:00,us,paid_search,English,Italian
2604,2025-10-12T07:26:00,FR,referral,English,Italian
2605,2025-10-12T19:01:00,ES,organic,English,German
2606,2025-10-12T12:47:00,pl ,organic,English,German
2607,2025-10-12T19:06:00,IN,organic,English,Spanish
2608,2025-10-12T19:47:00,br,social,English,Italian
2609,2025-10-12T12:56:00,IN,organic,English,French
2610,2025-10-12T02:42:00,GB,app_store,English,French
2611,2025-10-12T09:00:00,IN,social,English,English
2612,2025-10-12T12:00:00,JP,app_store,English,Spanish
2613,2025-10-12T13:21:00,US,organic,English,English
2614,2025-10-12T19:09:00,UK,social,English,Japanese
2615,2025-10-12T06:17:00,FR,organic,English,Japanese
2616,2025-10-12T22:30:00,Pl,organic,English,French
2617,2025-10-12T18:30:00,BR,organic,English,English
2618,2025-10-12T13:37:00, US,organic,English,English
2619,2025-10-12T00:06:00,BR,organic,English,Japanese
2620,2025-10-12T23:29:00,GB,organic,English,Spanish
2621,2025-10-13T00:49:00,IN,social,English,English
2622,2025-10-13T17:15:00,UK,organic,English,Japanese
2623,2025-10-13T04:58:00,MX,social,English,English
2624,2025-10-13T05:48:00,JP,app_store,English,Spanish
2625,2025-10-13T02:08:00,GB,organic,English,Japanese
2626,2025-10-13T06:18:00, US,organic,English,English
2627,2025-10-13T12:51:00,br,paid_search,English,English
2628,2025-10-13T17:39:00,GB,social,English,Japanese
2629,2025-10-13T19:34:00,Pl,social,English,Italian
2630,2025-10-13T08:40:00,de,organic,English,Italian
2631,2025-10-13T20:53:00,MX,organic,English,French
2632,2025-10-13T20:10:00,MX,paid_search,English,French
2633,2025-10-13T08:40:00,ES,paid_search,English,English
2634,2025-10-13T16:11:00,IN,social,English,Italian
2635,2025-10-13T22:56:00,UK,paid_search,English,German
2636,2025-10-13T04:31:00,MX,organic,English,Japanese
2637,2025-10-13T06:37:00,PL,paid_search,English,Spanish
2638,2025-10-13T08:18:00,de,organic,English,Japanese
2639,2025-10-13T14:21:00,IN,organic,English,French
2640,2025-10-13T14:29:00,ES,social,English,Spanish
2641,2025-10-13T13:02:00,BR,paid_search,English,English
2642,2025-10-13T01:19:00,Pl,social,English,Italian
2643,2025-10-13T15:25:00,JP,paid_search,English,English
2644,2025-10-13T18:03:00,BR,app_store,English,French
2645,2025-10-13T15:38:00,ES,organic,English,German
2646,2025-10-14T17:39:00,US,organic,English,French
2647,2025-10-14T04:43:00,de,organic,English,Japanese
2648,2025-10-14T02:57:00,JP,paid_search,English,Japanese
2649,2025-10-14T16:50:00,FR,social,English,French
2650,2025-10-14T22:10:00,us,organic,English,Japanese
2651,2025-10-14T16:20:00,JP,organic,English,English
2652,2025-10-14T14:54:00,FR,paid_search,English,Italian
2653,2025-10-14T05:30:00,IN,paid_search,English,German
2654,2025-10-14T22:38:00,us,paid_search,English,Spanish
2655,2025-10-14T06:44:00,JP,paid_search,English,German
2656,2025-10-14T00:07:00,DE,app_store,English,French
2657,2025-10-14T04:19:00,US,organic,English,French
2658,2025-10-14T16:07:00,JP,paid_search,English,French
2659,2025-10-14T15:18:00,US,app_store,English,English
2660,2025-10-14T09:07:00,MX,organic,English,French
2661,2025-10-14T03:11:00,pl ,paid_search,English,German
2662,2025-10-14T10:19:00,IN,organic,English,French
2663,2025-10-14T23:20:00,MX,organic,English,English
2664,2025-10-14T15:25:00,ES,social,English,German
2665,2025-10-14T14:14:00,Pl,organic,English,Spanish
2666,2025-10-14T14:59:00,FR,organic,English,German
2667,2025-10-14T11:43:00,DE,social,English,Italian
2668,2025-10-14T18:40:00,IN,organic,English,Italian
2669,2025-10-14T14:37:00,FR,referral,English,Italian
2670,2025-10-14T05:44:00,ES,social,English,Spanish
2671,2025-10-15T06:09:00,GB,referral,English,Italian
2672,2025-10-15T13:19:00,BR,organic,English,Spanish
2673,2025-10-15T19:34:00,DE,organic,English,German
2674,2025-10-15T12:09:00,FR,organic,English,German
2675,2025-10-15T05:32:00,pl ,organic,English,French
2676,2025-10-15T11:08:00,FR,organic,English,German
2677,2025-10-15T00:36:00,BR,organic,English,Japanese
2678,2025-10-15T11:07:00,GB,social,English,Italian
2679,2025-10-15T00:41:00,FR,organic,English,Spanish
2680,2025-10-15T01:05:00,br,organic,English,German
2681,2025-10-15T06:29:00,IN,social,English,French
2682,2025-10-15T16:30:00,GB,app_store,English,English
2683,2025-10-15T08:06:00,JP,organic,English,Spanish
2684,2025-10-15T05:01:00,de,organic,English,Italian
2685,2025-10-15T23:45:00,ES,organic,English,Italian
2686,2025-10-15T18:20:00,BR,social,English,Italian
2687,2025-10-15T00:43:00,ES,organic,English,Japanese
2688,2025-10-15T17:51:00,UK,paid_search,English,Italian
2689,2025-10-15T18:51:00,JP,social,English,Italian
2690,2025-10-15T12:43:00,BR,social,English,German
2691,2025-10-15T19:19:00,PL,organic,English,French
2692,2025-10-15T11:09:00,PL,organic,English,German
2693,2025-10-15T14:00:00,MX,organic,English,Spanish
2694,2025-10-15T15:50:00,DE,paid_search,English,Spanish
2695,2025-10-15T22:59:00,GB,organic,English,Japanese
2696,2025-10-16T02:16:00,MX,social,English,English
2697,2025-10-16T18:04:00,ES,organic,English,Italian
2698,2025-10-16T10:09:00,br,referral,English,Spanish
2699,2025-10-16T07:35:00,pl ,app_store,English,Spanish
2700,2025-10-16T06:28:00,de,organic,English,French
2701,2025-10-16T01:39:00,JP,organic,English,English
2702,2025-10-16T19:53:00,IN,referral,English,French
2703,2025-10-16T13:44:00,FR,paid_search,English,German
2704,2025-10-16T11:28:00,br,organic,English,Japanese
2705,2025-10-16T09:09:00,PL,organic,English,Italian
2706,2025-10-16T23:12:00,DE,paid_search,English,Italian
2707,2025-10-16T00:01:00,UK,app_store,English,English
2708,2025-10-16T23:49:00,IN,app_store,English,German
2709,2025-10-16T00:57:00,br,organic,English,English
2710,2025-10-16T20:32:00,br,social,English,Italian
2711,2025-10-16T01:23:00,IN,paid_search,English,Italian
2712,2025-10-16T18:44:00,JP,referral,English,Japanese
2713,2025-10-16T01:43:00,IN,app_store,English,Japanese
2714,2025-10-16T17:57:00,DE,paid_search,English,Spanish
2715,2025-10-16T02:34:00,br,organic,English,German
2716,2025-10-16T13:38:00,US,organic,English,Italian
2717,2025-10-16T16:01:00,BR,organic,English,German
2718,2025-10-16T21:35:00,DE,paid_search,English,Italian
2719,2025-10-16T19:13:00,JP,social,English,Japanese
2720,2025-10-16T23:16:00,DE,organic,English,French
2721,2025-10-17T17:35:00,DE,organic,English,Japanese
2722,2025-10-17T21:00:00,Pl,organic,English,French
2723,2025-10-17T13:12:00,Pl,referral,English,German
2724,2025-10-17T14:01:00,ES,paid_search,English,Spanish
2725,2025-10-17T02:50:00,FR,paid_search,English,German
2726,2025-10-17T15:45:00,ES,referral,English,Japanese
2727,2025-10-17T00:02:00,Pl,organic,English,Italian
2728,2025-10-17T23:52:00,FR,social,English,Japanese
2729,2025-10-17T08:29:00,DE,app_store,English,Italian
2730,2025-10-17T15:07:00,IN,paid_search,English,Spanish
2731,2025-10-17T03:42:00,GB,paid_search,English,Italian
2732,2025-10-17T12:02:00,GB,social,English,Italian
2733,2025-10-17T18:13:00,GB,organic,English,Japanese
2734,2025-10-17T13:14:00,de,organic,English,French
2735,2025-10-17T04:05:00,IN,app_store,English,French
2736,2025-10-17T18:41:00,DE,app_store,English,Italian
2737,2025-10-17T21:24:00,PL,paid_search,English,Italian
2738,2025-10-17T05:51:00,GB,paid_search,English,French
2739,2025-10-17T17:24:00,JP,paid_search,English,English
2740,2025-10-17T16:32:00,Pl,referral,English,French
2741,2025-10-17T17:28:00,MX,social,English,German
2742,2025-10-17T00:04:00,pl ,paid_search,English,Japanese
2743,2025-10-17T06:44:00,ES,app_store,English,Italian
2744,2025-10-17T16:21:00,FR,social,English,English
2745,2025-10-17T00:08:00,pl ,referral,English,English
2746,2025-10-18T23:56:00,ES,organic,English,French
2747,2025-10-18T10:18:00,br,organic,English,Spanish
2748,2025-10-18T07:04:00,DE,social,English,Italian
2749,2025-10-18T16:56:00,ES,social,English,Spanish
2750,2025-10-18T10:26:00,FR,organic,English,Spanish
2751,2025-10-18T12:28:00,US,app_store,English,Italian
2752,2025-10-18T17:22:00,ES,social,English,Italian
2753,2025-10-18T13:00:00,JP,social,English,German
2754,2025-10-18T23:22:00,PL,paid_search,English,Italian
2755,2025-10-18T08:09:00,JP,paid_search,English,French
2756,2025-10-18T07:43:00,ES,paid_search,English,English
2757,2025-10-18T20:51:00,ES,referral,English,German
2758,2025-10-18T01:07:00,IN,organic,English,French
2759,2025-10-18T00:11:00, US,social,English,French
2760,2025-10-18T18:31:00,JP,paid_search,English,French
2761,2025-10-18T22:49:00,JP,paid_search,English,English
2762,2025-10-18T12:16:00,UK,organic,English,English
2763,2025-10-18T09:09:00,de,organic,English,Italian
2764,2025-10-18T18:21:00,DE,app_store,English,German
2765,2025-10-18T20:17:00,DE,app_store,English,Italian
2766,2025-10-18T17:52:00,JP,organic,English,Spanish
2767,2025-10-18T11:01:00,ES,organic,English,Italian
2768,2025-10-18T19:07:00,UK,social,English,Japanese
2769,2025-10-18T00:41:00,JP,social,English,German
2770,2025-10-18T21:03:00,US,app_store,English,Spanish
2771,2025-10-18T05:39:00,IN,organic,English,Japanese
2772,2025-10-18T20:48:00,UK,app_store,English,French
2773,2025-10-18T21:26:00,JP,social,English,German
2774,2025-10-18T12:12:00,Pl,referral,English,English
2775,2025-10-18T15:04:00,us,app_store,English,German
2776,2025-10-18T09:05:00,ES,paid_search,English,English
2777,2025-10-19T06:33:00, US,paid_search,English,English
2778,2025-10-19T07:02:00,FR,organic,English,French
2779,2025-10-19T16:21:00,de,organic,English,Japanese
2780,2025-10-19T01:28:00,US,paid_search,English,German
2781,2025-10-19T15:23:00,MX,organic,English,German
2782,2025-10-19T00:55:00,br,referral,English,Italian
2783,2025-10-19T22:31:00,FR,app_store,English,Japanese
2784,2025-10-19T00:26:00,de,referral,English,Japanese
2785,2025-10-19T11:28:00,MX,social,English,French
2786,2025-10-19T08:36:00,DE,paid_search,English,German
2787,2025-10-19T16:08:00,GB,organic,English,Spanish
2788,2025-10-19T16:39:00,FR,social,English,French
2789,2025-10-19T13:07:00,GB,social,English,Italian
2790,2025-10-19T00:55:00,GB,paid_search,English,Japanese
2791,2025-10-19T20:07:00,FR,organic,English,English
2792,2025-10-19T00:05:00,us,referral,English,French
2793,2025-10-19T12:44:00,us,social,English,Spanish
2794,2025-10-19T09:07:00,br,organic,English,French
2795,2025-10-19T14:49:00,IN,organic,English,German
2796,2025-10-19T13:16:00,de,organic,English,English
2797,2025-10-19T04:28:00,BR,social,English,Italian
2798,2025-10-19T17:20:00,MX,paid_search,English,French
2799,2025-10-19T19:54:00,FR,app_store,English,German
2800,2025-10-19T08:44:00,us,paid_search,English,Spanish
2801,2025-10-19T09:50:00,ES,organic,English,Spanish
2802,2025-10-19T23:37:00,br,social,English,English
2803,2025-10-19T23:47:00,Pl,organic,English,Spanish
2804,2025-10-19T11:57:00,IN,organic,English,German
2805,2025-10-19T09:16:00,JP,social,English,Spanish
2806,2025-10-19T01:44:00,US,paid_search,English,German
2807,2025-10-19T00:24:00, US,paid_search,English,Italian
2808,2025-10-20T18:18:00,JP,organic,English,Japanese
2809,2025-10-20T00:56:00,ES,organic,English,Spanish
2810,2025-10-20T13:02:00,JP,social,English,German
2811,2025-10-20T06:27:00,PL,organic,English,German
2812,2025-10-20T08:22:00,DE,paid_search,English,French
2813,2025-10-20T17:28:00,MX,app_store,English,Italian
2814,2025-10-20T03:06:00,ES,organic,English,French
2815,2025-10-20T01:19:00,ES,referral,English,Spanish
2816,2025-10-20T23:34:00,JP,paid_search,English,French
2817,2025-10-20T22:36:00,FR,organic,English,English
2818,2025-10-20T17:18:00,DE,social,English,French
2819,2025-10-20T00:15:00,ES,app_store,English,Spanish
2820,2025-10-20T23:06:00,MX,paid_search,English,German
2821,2025-10-20T18:20:00,BR,paid_search,English,Japanese
2822,2025-10-20T14:24:00, US,social,English,English
2823,2025-10-20T23:28:00,de,social,English,German
2824,2025-10-20T11:39:00,UK,organic,English,German
2825,2025-10-20T12:38:00,MX,paid_search,English,French
2826,2025-10-20T03:23:00,pl ,organic,English,French
2827,2025-10-20T17:29:00,pl ,app_store,English,Spanish
2828,2025-10-20T10:18:00,GB,organic,English,Italian
2829,2025-10-20T23:37:00,IN,paid_search,English,French
2830,2025-10-20T05:44:00,PL,organic,English,English
2831,2025-10-20T03:25:00,GB,organic,English,Italian
2832,2025-10-20T21:58:00,UK,social,English,English
2833,2025-10-21T03:08:00,UK,organic,English,Spanish
2834,2025-10-21T00:41:00,FR,organic,English,English
2835,2025-10-21T21:59:00,IN,social,English,Italian
2836,2025-10-21T06:23:00,UK,social,English,Spanish
2837,2025-10-21T14:46:00,UK,organic,English,French
2838,2025-10-21T08:21:00,FR,social,English,Spanish
2839,2025-10-21T15:57:00,GB,paid_search,English,French
2840,2025-10-21T00:45:00,BR,organic,English,French
2841,2025-10-21T11:28:00,br,social,English,German
2842,2025-10-21T19:13:00,DE,organic,English,Japanese
2843,2025-10-21T21:46:00,GB,organic,English,Italian
2844,2025-10-21T12:12:00,FR,organic,English,English
2845,2025-10-21T10:24:00,JP,organic,English,English
2846,2025-10-21T16:13:00,UK,organic,English,French
2847,2025-10-21T05:28:00,UK,app_store,English,English
2848,2025-10-21T20:15:00,FR,social,English,Spanish
2849,2025-10-21T22:06:00,MX,social,English,Japanese
2850,2025-10-21T01:40:00, US,organic,English,German
2851,2025-10-21T23:55:00,FR,app_store,English,French
2852,2025-10-21T10:28:00,MX,organic,English,French
2853,2025-10-21T04:06:00,ES,referral,English,Spanish
2854,2025-10-21T23:24:00,BR,paid_search,English,Spanish
2855,2025-10-21T20:48:00,de,organic,English,French
2856,2025-10-21T12:23:00,de,app_store,English,Spanish
2857,2025-10-21T15:30:00,DE,social,English,English
2858,2025-10-21T02:14:00,FR,paid_search,English,German
2859,2025-10-22T18:27:00,us,app_store,English,English
2860,2025-10-22T08:55:00,br,organic,English,Italian
2861,2025-10-22T02:15:00,br,organic,English,Japanese
2862,2025-10-22T22:25:00,Pl,organic,English,English
2863,2025-10-22T03:05:00,GB,organic,English,Italian
2864,2025-10-22T03:19:00,ES,paid_search,English,Italian
2865,2025-10-22T12:27:00,UK,organic,English,Japanese
2866,2025-10-22T21:36:00,US,organic,English,Japanese
2867,2025-10-22T09:01:00,MX,social,English,Japanese
2868,2025-10-22T19:25:00,DE,paid_search,English,Spanish
2869,2025-10-22T15:18:00,BR,organic,English,Spanish
2870,2025-10-22T20:21:00,BR,social,English,Spanish
2871,2025-10-22T00:23:00,BR,social,English,English
2872,2025-10-22T00:03:00,UK,paid_search,English,Italian
2873,2025-10-22T16:43:00,FR,social,English,French
2874,2025-10-22T18:58:00,FR,social,English,Japanese
2875,2025-10-22T18:04:00,JP,organic,English,Spanish
2876,2025-10-22T00:37:00,ES,paid_search,English,Spanish
2877,2025-10-22T00:15:00,GB,referral,English,Italian
2878,2025-10-22T18:02:00,MX,referral,English,Italian
2879,2025-10-22T02:05:00,MX,app_store,English,Italian
2880,2025-10-22T13:51:00,BR,app_store,English,Spanish
2881,2025-10-22T03:20:00,DE,paid_search,English,French
2882,2025-10-22T10:58:00,FR,app_store,English,German
2883,2025-10-22T11:44:00,us,referral,English,German
2884,2025-10-22T05:14:00,IN,organic,English,German
2885,2025-10-23T09:50:00,JP,paid_search,English,Spanish
2886,2025-10-23T04:44:00,PL,paid_search,English,Italian
2887,2025-10-23T20:00:00,IN,social,English,Italian
2888,2025-10-23T15:38:00,de,paid_search,English,Japanese
2889,2025-10-23T18:42:00,ES,social,English,Italian
2890,2025-10-23T17:07:00,ES,social,English,English
2891,2025-10-23T15:20:00,JP,organic,English,Spanish
2892,2025-10-23T14:57:00,pl ,paid_search,English,English
2893,2025-10-23T09:26:00,IN,paid_search,English,Italian
2894,2025-10-23T23:03:00,ES,organic,English,Spanish
2895,2025-10-23T13:24:00,FR,social,English,French
2896,2025-10-23T18:32:00,MX,paid_search,English,Spanish
2897,2025-10-23T16:21:00,Pl,paid_search,English,Italian
2898,2025-10-23T18:35:00,pl ,social,English,German
2899,2025-10-23T13:54:00,DE,social,English,French
2900,2025-10-23T13:10:00,BR,app_store,English,Japanese
2901,2025-10-23T16:23:00,BR,social,English,German
2902,2025-10-23T03:32:00,Pl,organic,English,Japanese
2903,2025-10-23T08:12:00,FR,organic,English,English
2904,2025-10-23T19:27:00,JP,paid_search,English,Italian
2905,2025-10-23T03:35:00,US,organic,English,Italian
2906,2025-10-23T09:58:00,BR,organic,English,English
2907,2025-10-23T06:11:00,DE,app_store,English,French
2908,2025-10-23T23:12:00,Pl,paid_search,English,Japanese
2909,2025-10-23T05:34:00,br,organic,English,Spanish
2910,2025-10-23T18:04:00, US,app_store,English,German
2911,2025-10-24T13:53:00,UK,organic,English,English
2912,2025-10-24T22:57:00,UK,app_store,English,German
2913,2025-10-24T15:36:00,de,organic,English,English
2914,2025-10-24T01:30:00,JP,app_store,English,Italian
2915,2025-10-24T14:23:00,MX,app_store,English,Spanish
2916,2025-10-24T10:35:00,IN,organic,English,Spanish
2917,2025-10-24T18:04:00,de,app_store,English,Spanish
2918,2025-10-24T05:26:00,ES,social,English,Italian
2919,2025-10-24T15:13:00,BR,paid_search,English,English
2920,2025-10-24T10:34:00,JP,organic,English,German
2921,2025-10-24T02:04:00,GB,paid_search,English,Japanese
2922,2025-10-24T06:01:00,de,organic,English,Japanese
2923,2025-10-24T19:53:00,MX,organic,English,French
2924,2025-10-24T22:08:00,FR,app_store,English,English
2925,2025-10-24T20:01:00,JP,paid_search,English,English
2926,2025-10-24T22:34:00,US,organic,English,Japanese
2927,2025-10-24T19:06:00,BR,paid_search,English,Spanish
2928,2025-10-24T11:57:00,JP,paid_search,English,Spanish
2929,2025-10-24T20:21:00,MX,referral,English,French
2930,2025-10-24T05:42:00,PL,app_store,English,Spanish
2931,2025-10-24T22:16:00,IN,paid_search,English,German
2932,2025-10-24T14:02:00,US,social,English,English
2933,2025-10-24T10:31:00,JP,organic,English,English
2934,2025-10-24T05:06:00,MX,social,English,Spanish
2935,2025-10-24T15:08:00,DE,organic,English,Spanish
2936,2025-10-24T15:10:00,pl ,social,English,Japanese
2937,2025-10-25T05:08:00,JP,organic,English,German
2938,2025-10-25T19:39:00,JP,paid_search,English,German
2939,2025-10-25T16:48:00,PL,social,English,Spanish
2940,2025-10-25T02:01:00,JP,paid_search,English,Japanese
2941,2025-10-25T17:44:00,PL,paid_search,English,Japanese
2942,2025-10-25T03:40:00,DE,organic,English,Spanish
2943,2025-10-25T17:13:00,PL,organic,English,Japanese
2944,2025-10-25T23:48:00,IN,referral,English,Spanish
2945,2025-10-25T04:31:00,FR,social,English,English
2946,2025-10-25T18:43:00,DE,app_store,English,Spanish
2947,2025-10-25T15:56:00,pl ,paid_search,English,French
2948,2025-10-25T19:20:00,de,paid_search,English,Italian
2949,2025-10-25T12:45:00,DE,social,English,English
2950,2025-10-25T19:10:00,FR,app_store,English,German
2951,2025-10-25T03:31:00,br,organic,English,English
2952,2025-10-25T22:14:00,JP,social,English,Italian
2953,2025-10-25T05:17:00,ES,paid_search,English,Spanish
2954,2025-10-25T00:41:00,DE,paid_search,English,English
2955,2025-10-25T00:10:00,UK,app_store,English,Italian
2956,2025-10-25T17:44:00,IN,social,English,Italian
2957,2025-10-25T05:00:00,MX,app_store,English,German
2958,2025-10-25T15:58:00,ES,app_store,English,Italian
2959,2025-10-25T05:43:00,JP,social,English,French
2960,2025-10-25T00:59:00,FR,referral,English,Japanese
2961,2025-10-25T14:47:00,JP,social,English,French
2962,2025-10-25T03:52:00,de,organic,English,English
2963,2025-10-25T18:29:00,IN,paid_search,English,Spanish
2964,2025-10-25T05:12:00,BR,referral,English,German
2965,2025-10-25T19:18:00,IN,social,English,Spanish
2966,2025-10-25T20:26:00, US,paid_search,English,German
2967,2025-10-25T16:55:00,us,organic,English,German
2968,2025-10-25T18:35:00,FR,referral,English,French
2969,2025-10-26T01:51:00,br,app_store,English,English
2970,2025-10-26T09:55:00,MX,referral,English,Japanese
2971,2025-10-26T05:57:00,pl ,paid_search,English,English
2972,2025-10-26T09:33:00,US,paid_search,English,French
2973,2025-10-26T11:24:00,GB,paid_search,English,German
2974,2025-10-26T00:56:00,Pl,organic,English,Japanese
2975,2025-10-26T21:00:00,DE,referral,English,English
2976,2025-10-26T02:00:00,ES,paid_search,English,Spanish
2977,2025-10-26T04:25:00, US,organic,English,English
2978,2025-10-26T08:22:00,br,paid_search,English,German
2979,2025-10-26T03:18:00,US,organic,English,Japanese
2980,2025-10-26T05:58:00,DE,organic,English,French
2981,2025-10-26T03:25:00,FR,app_store,English,Italian
2982,2025-10-26T18:25:00,JP,referral,English,Japanese
2983,2025-10-26T09:04:00,br,social,English,Italian
2984,2025-10-26T15:29:00,US,organic,English,French
2985,2025-10-26T20:05:00,JP,social,English,Spanish
2986,2025-10-26T23:01:00,IN,organic,English,German
2987,2025-10-26T14:54:00,FR,organic,English,Italian
2988,2025-10-26T06:21:00,pl ,app_store,English,Italian
2989,2025-10-26T04:22:00,Pl,organic,English,English
2990,2025-10-26T01:38:00,us,organic,English,German
2991,2025-10-26T08:37:00,DE,paid_search,English,Japanese
2992,2025-10-26T09:07:00,ES,social,English,Japanese
2993,2025-10-26T19:02:00,UK,social,English,English
2994,2025-10-26T09:50:00,IN,organic,English,French
2995,2025-10-26T21:53:00,MX,organic,English,Italian
2996,2025-10-26T21:36:00,us,social,English,German
2997,2025-10-26T12:51:00,US,organic,English,Japanese
2998,2025-10-26T11:02:00,IN,social,English,English
2999,2025-10-26T22:27:00,PL,organic,English,Japanese
3000,2025-10-26T15:23:00,MX,organic,English,Italian
3001,2025-10-27T08:33:00,IN,social,English,Italian
3002,2025-10-27T13:27:00,FR,organic,English,Italian
3003,2025-10-27T02:14:00,ES,social,English,Japanese
3004,2025-10-27T19:24:00,FR,paid_search,English,French
3005,2025-10-27T15:43:00,FR,paid_search,English,French
3006,2025-10-27T15:26:00,US,organic,English,German
3007,2025-10-27T16:54:00,pl ,organic,English,French
3008,2025-10-27T00:50:00,PL,organic,English,French
3009,2025-10-27T19:01:00,JP,organic,English,English
3010,2025-10-27T04:24:00,US,social,English,Spanish
3011,2025-10-27T16:03:00,de,organic,English,French
3012,2025-10-27T12:41:00,IN,organic,English,Spanish
3013,2025-10-27T07:46:00,ES,organic,English,German
3014,2025-10-27T16:37:00,FR,organic,English,German
3015,2025-10-27T08:10:00,MX,organic,English,Italian
3016,2025-10-27T14:23:00,US,referral,English,English
3017,2025-10-27T21:42:00,MX,paid_search,English,Japanese
3018,2025-10-27T09:28:00,DE,app_store,English,German
3019,2025-10-27T20:27:00,ES,paid_search,English,French
3020,2025-10-27T04:13:00,UK,social,English,Italian
3021,2025-10-27T20:24:00,US,organic,English,German
3022,2025-10-27T01:51:00,ES,app_store,English,German
3023,2025-10-27T19:12:00,br,social,English,French
3024,2025-10-27T05:34:00,br,referral,English,German
3025,2025-10-27T09:22:00,FR,organic,English,Italian
3026,2025-10-27T09:41:00,pl ,organic,English,German
3027,2025-10-28T02:31:00,ES,social,English,Spanish
3028,2025-10-28T14:20:00,pl ,paid_search,English,Spanish
3029,2025-10-28T14:30:00,DE,app_store,English,Spanish
3030,2025-10-28T01:56:00,GB,organic,English,French
3031,2025-10-28T07:09:00,GB,organic,English,English
3032,2025-10-28T19:21:00,MX,organic,English,Japanese
3033,2025-10-28T04:21:00,GB,referral,English,Italian
3034,2025-10-28T12:10:00,IN,organic,English,English
3035,2025-10-28T16:07:00,Pl,organic,English,Japanese
3036,2025-10-28T05:35:00,FR,social,English,English
3037,2025-10-28T18:46:00,BR,app_store,English,Spanish
3038,2025-10-28T18:30:00,BR,referral,English,Spanish
3039,2025-10-28T13:56:00,FR,social,English,Italian
3040,2025-10-28T19:24:00,MX,app_store,English,Italian
3041,2025-10-28T05:20:00,US,social,English,English
3042,2025-10-28T14:35:00,BR,paid_search,English,Italian
3043,2025-10-28T18:30:00,MX,referral,English,French
3044,2025-10-28T02:34:00,FR,referral,English,Japanese
3045,2025-10-28T06:59:00,PL,organic,English,German
3046,2025-10-28T07:24:00,BR,referral,English,Spanish
3047,2025-10-28T04:38:00,ES,paid_search,English,Japanese
3048,2025-10-28T00:05:00,GB,app_store,English,Italian
3049,2025-10-28T16:02:00,JP,social,English,German
3050,2025-10-28T18:04:00,br,paid_search,English,Italian
3051,2025-10-28T04:14:00, US,organic,English,Spanish
3052,2025-10-28T00:16:00,Pl,social,English,Italian
3053,2025-10-29T21:48:00,JP,social,English,French
3054,2025-10-29T13:24:00,FR,organic,English,French
3055,2025-10-29T19:39:00,GB,social,English,French
3056,2025-10-29T23:00:00,br,referral,English,English
3057,2025-10-29T11:18:00,IN,paid_search,English,Italian
3058,2025-10-29T17:12:00,DE,paid_search,English,Spanish
3059,2025-10-29T05:27:00,FR,paid_search,English,Japanese
3060,2025-10-29T02:58:00,de,organic,English,Spanish
3061,2025-10-29T08:39:00,us,organic,English,French
3062,2025-10-29T20:43:00,br,app_store,English,Spanish
3063,2025-10-29T08:39:00,br,organic,English,Japanese
3064,2025-10-29T08:50:00,GB,organic,English,Spanish
3065,2025-10-29T06:41:00,ES,app_store,English,Spanish
3066,2025-10-29T14:59:00,FR,app_store,English,Japanese
3067,2025-10-29T19:30:00,JP,organic,English,Italian
3068,2025-10-29T08:23:00,BR,organic,English,Japanese
3069,2025-10-29T11:08:00,FR,organic,English,English
3070,2025-10-29T00:18:00,ES,organic,English,Spanish
3071,2025-10-29T08:28:00,FR,social,English,French
3072,2025-10-29T13:12:00,GB,organic,English,Spanish
3073,2025-10-29T03:21:00,FR,app_store,English,German
3074,2025-10-29T04:32:00,PL,social,English,Spanish
3075,2025-10-29T00:02:00,BR,app_store,English,Spanish
3076,2025-10-29T02:59:00,MX,social,English,Japanese
3077,2025-10-29T06:31:00,ES,organic,English,Italian
3078,2025-10-29T06:49:00,MX,app_store,English,French
3079,2025-10-29T05:00:00,BR,app_store,English,French
3080,2025-10-30T20:52:00,DE,paid_search,English,Japanese
3081,2025-10-30T18:52:00,FR,organic,English,Italian
3082,2025-10-30T23:32:00,JP,referral,English,English
3083,2025-10-30T14:42:00,MX,paid_search,English,Japanese
3084,2025-10-30T00:12:00,MX,social,English,German
3085,2025-10-30T15:06:00,FR,paid_search,English,French
3086,2025-10-30T15:19:00,GB,app_store,English,Spanish
3087,2025-10-30T11:00:00,UK,social,English,Spanish
3088,2025-10-30T09:48:00,IN,organic,English,English
3089,2025-10-30T00:53:00,JP,social,English,German
3090,2025-10-30T23:47:00,ES,paid_search,English,English
3091,2025-10-30T19:27:00,MX,paid_search,English,Spanish
3092,2025-10-30T22:05:00,JP,app_store,English,German
3093,2025-10-30T05:17:00,DE,paid_search,English,Japanese
3094,2025-10-30T10:18:00,MX,referral,English,Japanese
3095,2025-10-30T16:44:00,DE,organic,English,Japanese
3096,2025-10-30T17:36:00, US,paid_search,English,English
3097,2025-10-30T15:07:00,PL,social,English,English
3098,2025-10-30T19:32:00,br,referral,English,Italian
3099,2025-10-30T04:29:00,de,organic,English,Italian
3100,2025-10-30T03:32:00,de,referral,English,French
3101,2025-10-30T18:02:00,JP,app_store,English,English
3102,2025-10-30T09:13:00,DE,social,English,English
3103,2025-10-30T22:55:00,ES,social,English,Italian
3104,2025-10-30T06:46:00,US,app_store,English,German
3105,2025-10-30T06:21:00,IN,organic,English,German
3106,2025-10-30T19:19:00,pl ,organic,English,English
3107,2025-10-31T10:38:00, US,paid_search,English,French
3108,2025-10-31T10:18:00,ES,organic,English,Japanese
3109,2025-10-31T07:05:00,PL,organic,English,Spanish
3110,2025-10-31T07:17:00,PL,app_store,English,Italian
3111,2025-10-31T06:22:00,de,organic,English,English
3112,2025-10-31T11:38:00,ES,paid_search,English,English
3113,2025-10-31T05:18:00,Pl,social,English,Italian
3114,2025-10-31T22:02:00,FR,organic,English,German
3115,2025-10-31T16:19:00,IN,organic,English,Italian
3116,2025-10-31T04:55:00,br,organic,English,Spanish
3117,2025-10-31T10:43:00,ES,paid_search,English,Italian
3118,2025-10-31T21:17:00,GB,organic,English,German
3119,2025-10-31T02:20:00,FR,paid_search,English,Spanish
3120,2025-10-31T10:19:00,UK,organic,English,Italian
3121,2025-10-31T13:21:00,us,paid_search,English,Spanish
3122,2025-10-31T18:57:00,de,referral,English,English
3123,2025-10-31T21:08:00,IN,paid_search,English,Spanish
3124,2025-10-31T07:49:00,MX,organic,English,English
3125,2025-10-31T05:44:00,Pl,organic,English,Japanese
3126,2025-10-31T11:16:00,UK,referral,English,Japanese
3127,2025-10-31T14:51:00,FR,organic,English,French
3128,2025-10-31T01:44:00,FR,paid_search,English,Spanish
3129,2025-10-31T08:20:00,MX,organic,English,French
3130,2025-10-31T22:40:00,DE,organic,English,French
3131,2025-10-31T18:00:00,ES,app_store,English,German
3132,2025-10-31T10:40:00, US,referral,English,Japanese
3133,2025-10-31T15:53:00,UK,paid_search,English,Japanese
3134,2025-11-01T15:42:00,ES,paid_search,English,Spanish
3135,2025-11-01T10:12:00,br,organic,English,French
3136,2025-11-01T00:29:00,GB,organic,English,Spanish
3137,2025-11-01T04:42:00,BR,social,English,Japanese
3138,2025-11-01T00:15:00,BR,social,English,German
3139,2025-11-01T06:43:00,IN,social,English,Italian
3140,2025-11-01T17:44:00,GB,social,English,Italian
3141,2025-11-01T01:26:00,JP,organic,English,Spanish
3142,2025-11-01T12:54:00,ES,organic,English,Italian
3143,2025-11-01T06:53:00,UK,organic,English,Japanese
3144,2025-11-01T01:10:00,IN,organic,English,Italian
3145,2025-11-01T23:17:00,ES,organic,English,French
3146,2025-11-01T18:20:00,PL,social,English,French
3147,2025-11-01T01:50:00,MX,organic,English,German
3148,2025-11-01T22:02:00,JP,app_store,English,Italian
3149,2025-11-01T21:53:00,GB,social,English,French
3150,2025-11-01T02:53:00,FR,paid_search,English,German
3151,2025-11-01T18:54:00,FR,referral,English,Spanish
3152,2025-11-01T02:03:00,MX,organic,English,English
3153,2025-11-01T18:25:00,FR,paid_search,English,French
3154,2025-11-01T12:47:00,pl ,social,English,French
3155,2025-11-01T20:50:00,pl ,organic,English,German
3156,2025-11-01T07:08:00,DE,paid_search,English,Italian
3157,2025-11-01T01:49:00,ES,social,English,English
3158,2025-11-01T20:47:00,pl ,app_store,English,Japanese
3159,2025-11-01T07:11:00,DE,referral,English,English
3160,2025-11-01T11:31:00,PL,organic,English,Spanish
3161,2025-11-01T13:50:00,UK,organic,English,German
3162,2025-11-01T15:27:00,ES,paid_search,English,Italian
3163,2025-11-01T13:52:00,Pl,organic,English,French
3164,2025-11-01T09:36:00,br,referral,English,Japanese
3165,2025-11-01T14:08:00,ES,organic,English,Japanese
3166,2025-11-01T16:10:00,PL,organic,English,German
3167,2025-11-02T14:34:00,ES,app_store,English,French
3168,2025-11-02T01:50:00,GB,paid_search,English,German
3169,2025-11-02T23:10:00,FR,referral,English,German
3170,2025-11-02T12:52:00,GB,paid_search,English,German
3171,2025-11-02T12:00:00,Pl,organic,English,French
3172,2025-11-02T08:11:00,ES,organic,English,English
3173,2025-11-02T20:41:00,us,organic,English,German
3174,2025-11-02T15:55:00,de,app_store,English,Japanese
3175,2025-11-02T07:16:00, US,social,English,German
3176,2025-11-02T18:01:00,MX,app_store,English,Spanish
3177,2025-11-02T23:50:00,FR,paid_search,English,Spanish
3178,2025-11-02T15:21:00,BR,organic,English,Italian
3179,2025-11-02T11:15:00,FR,social,English,Japanese
3180,2025-11-02T11:32:00,Pl,paid_search,English,French
3181,2025-11-02T03:40:00,JP,social,English,German
3182,2025-11-02T12:32:00,IN,organic,English,Italian
3183,2025-11-02T12:04:00,JP,organic,English,English
3184,2025-11-02T08:26:00,GB,app_store,English,German
3185,2025-11-02T05:48:00,JP,organic,English,Spanish
3186,2025-11-02T05:17:00, US,social,English,Italian
3187,2025-11-02T08:15:00,br,organic,English,Japanese
3188,2025-11-02T16:29:00,ES,organic,English,Japanese
3189,2025-11-02T19:25:00,MX,organic,English,Italian
3190,2025-11-02T15:51:00,de,organic,English,English
3191,2025-11-02T12:40:00,de,paid_search,English,English
3192,2025-11-02T13:40:00,ES,paid_search,English,Japanese
3193,2025-11-02T01:25:00,DE,app_store,English,Italian
3194,2025-11-02T13:55:00,IN,organic,English,Japanese
3195,2025-11-02T23:35:00,BR,organic,English,French
3196,2025-11-02T18:29:00, US,social,English,German
3197,2025-11-02T18:30:00,Pl,organic,English,Spanish
3198,2025-11-02T12:19:00,JP,app_store,English,French
3199,2025-11-02T11:40:00,MX,organic,English,Spanish
3200,2025-11-03T17:58:00,FR,organic,English,French
3201,2025-11-03T10:34:00,US,social,English,German
3202,2025-11-03T11:06:00,ES,social,English,German
3203,2025-11-03T21:36:00,ES,organic,English,Italian
3204,2025-11-03T15:16:00,JP,paid_search,English,Italian
3205,2025-11-03T12:59:00,PL,app_store,English,French
3206,2025-11-03T22:56:00,BR,organic,English,Japanese
3207,2025-11-03T00:59:00,FR,social,English,English
3208,2025-11-03T16:02:00,br,organic,English,English
3209,2025-11-03T01:55:00,PL,paid_search,English,Italian
3210,2025-11-03T07:47:00,IN,organic,English,Spanish
3211,2025-11-03T13:46:00,FR,paid_search,English,German
3212,2025-11-03T21:23:00,de,app_store,English,Japanese
3213,2025-11-03T15:08:00,GB,social,English,Italian
3214,2025-11-03T12:51:00,PL,organic,English,German
3215,2025-11-03T11:41:00,FR,organic,English,French
3216,2025-11-03T13:00:00,FR,referral,English,Italian
3217,2025-11-03T09:53:00,PL,paid_search,English,German
3218,2025-11-03T17:11:00,ES,referral,English,French
3219,2025-11-03T06:03:00,MX,social,English,English
3220,2025-11-03T19:15:00,JP,social,English,Spanish
3221,2025-11-03T06:04:00,DE,social,English,English
3222,2025-11-03T06:41:00,MX,app_store,English,German
3223,2025-11-03T10:48:00,JP,referral,English,English
3224,2025-11-03T08:13:00,FR,social,English,Italian
3225,2025-11-03T18:10:00,BR,organic,English,English
3226,2025-11-03T18:36:00,de,social,English,Italian
3227,2025-11-04T14:54:00,FR,organic,English,Spanish
3228,2025-11-04T18:02:00,br,social,English,French
3229,2025-11-04T02:24:00,DE,organic,English,English
3230,2025-11-04T01:20:00,JP,paid_search,English,Japanese
3231,2025-11-04T22:17:00,ES,social,English,English
3232,2025-11-04T00:43:00,DE,referral,English,French
3233,2025-11-04T17:57:00,ES,social,English,Spanish
3234,2025-11-04T16:30:00,DE,organic,English,Italian
3235,2025-11-04T08:23:00,IN,organic,English,Italian
3236,2025-11-04T08:10:00,MX,social,English,Italian
3237,2025-11-04T12:24:00, US,app_store,English,French
3238,2025-11-04T19:09:00,ES,social,English,Italian
3239,2025-11-04T19:50:00,PL,organic,English,Japanese
3240,2025-11-04T13:32:00,de,app_store,English,French
3241,2025-11-04T05:55:00,PL,social,English,Spanish
3242,2025-11-04T22:12:00,BR,organic,English,English
3243,2025-11-04T03:50:00,IN,organic,English,English
3244,2025-11-04T05:48:00,br,social,English,French
3245,2025-11-04T10:50:00,PL,referral,English,English
3246,2025-11-04T06:56:00,FR,paid_search,English,Japanese
3247,2025-11-04T14:25:00,BR,referral,English,German
3248,2025-11-04T16:24:00,br,paid_search,English,Spanish
3249,2025-11-04T17:05:00,PL,paid_search,English,Italian
3250,2025-11-04T12:46:00,ES,paid_search,English,German
3251,2025-11-04T16:08:00,pl ,app_store,English,Japanese
3252,2025-11-04T23:34:00,de,referral,English,Spanish
3253,2025-11-04T14:59:00,ES,referral,English,German
3254,2025-11-05T10:51:00,US,paid_search,English,Spanish
3255,2025-11-05T06:53:00,US,social,English,Italian
3256,2025-11-05T20:22:00,FR,paid_search,English,Italian
3257,2025-11-05T02:29:00,JP,app_store,English,German
3258,2025-11-05T22:58:00,UK,organic,English,Italian
3259,2025-11-05T04:52:00,DE,paid_search,English,Spanish
3260,2025-11-05T09:13:00,US,social,English,German
3261,2025-11-05T00:46:00,MX,paid_search,English,Italian
3262,2025-11-05T14:54:00,ES,paid_search,English,English
3263,2025-11-05T04:40:00,ES,organic,English,Italian
3264,2025-11-05T07:51:00,us,organic,English,Japanese
3265,2025-11-05T07:47:00,MX,social,English,English
3266,2025-11-05T15:26:00,US,app_store,English,Spanish
3267,2025-11-05T20:32:00,IN,organic,English,Italian
3268,2025-11-05T13:50:00,JP,social,English,Japanese
3269,2025-11-05T13:38:00,MX,organic,English,English
3270,2025-11-05T12:48:00,ES,organic,English,Spanish
3271,2025-11-05T12:43:00,PL,referral,English,German
3272,2025-11-05T03:36:00,BR,organic,English,English
3273,2025-11-05T03:45:00,JP,paid_search,English,Spanish
3274,2025-11-05T14:07:00,ES,social,English,Japanese
3275,2025-11-05T05:46:00,MX,organic,English,English
3276,2025-11-05T12:17:00,JP,organic,English,Spanish
3277,2025-11-05T15:06:00,de,social,English,French
3278,2025-11-05T07:04:00,IN,app_store,English,Italian
3279,2025-11-05T13:07:00,DE,social,English,Japanese
3280,2025-11-05T11:25:00, US,referral,English,German
3281,2025-11-06T19:53:00,br,social,English,Japanese
3282,2025-11-06T04:49:00,br,paid_search,English,English
3283,2025-11-06T23:44:00,Pl,paid_search,English,Spanish
3284,2025-11-06T16:13:00,US,organic,English,Italian
3285,2025-11-06T11:00:00,ES,referral,English,Japanese
3286,2025-11-06T20:00:00,de,paid_search,English,French
3287,2025-11-06T08:40:00,de,paid_search,English,French
3288,2025-11-06T23:45:00,br,social,English,German
3289,2025-11-06T04:49:00,JP,paid_search,English,German
3290,2025-11-06T19:10:00,ES,social,English,Italian
3291,2025-11-06T02:30:00,pl ,organic,English,Italian
3292,2025-11-06T13:00:00,FR,organic,English,French
3293,2025-11-06T00:53:00,GB,app_store,English,Japanese
3294,2025-11-06T00:43:00,MX,social,English,French
3295,2025-11-06T02:53:00,GB,organic,English,Japanese
3296,2025-11-06T17:57:00,FR,organic,English,English
3297,2025-11-06T11:23:00,ES,organic,English,German
3298,2025-11-06T17:39:00,us,app_store,English,English
3299,2025-11-06T14:01:00,UK,social,English,Italian
3300,2025-11-06T12:06:00,MX,referral,English,German
3301,2025-11-06T10:23:00,GB,organic,English,French
3302,2025-11-06T23:40:00,pl ,social,English,French
3303,2025-11-06T11:33:00,br,paid_search,English,Italian
3304,2025-11-06T07:54:00,MX,organic,English,English
3305,2025-11-06T09:12:00,JP,referral,English,Spanish
3306,2025-11-06T02:17:00,JP,organic,English,Japanese
3307,2025-11-06T13:48:00,ES,social,English,French
3308,2025-11-07T10:18:00,US,paid_search,English,German
3309,2025-11-07T03:04:00,GB,referral,English,Spanish
3310,2025-11-07T09:44:00,ES,paid_search,English,English
3311,2025-11-07T18:37:00,ES,organic,English,English
3312,2025-11-07T22:59:00,pl ,social,English,English
3313,2025-11-07T03:04:00,US,organic,English,Spanish
3314,2025-11-07T06:48:00,MX,paid_search,English,English
3315,2025-11-07T03:08:00,MX,paid_search,English,Italian
3316,2025-11-07T04:18:00,DE,referral,English,English
3317,2025-11-07T02:48:00,US,paid_search,English,Spanish
3318,2025-11-07T09:33:00,us,organic,English,Japanese
3319,2025-11-07T07:33:00,FR,app_store,English,French
3320,2025-11-07T09:26:00,JP,organic,English,Japanese
3321,2025-11-07T16:39:00,US,organic,English,Japanese
3322,2025-11-07T00:43:00,GB,organic,English,French
3323,2025-11-07T22:59:00,MX,organic,English,Spanish
3324,2025-11-07T10:44:00,BR,social,English,Japanese
3325,2025-11-07T07:31:00,JP,social,English,English
3326,2025-11-07T01:45:00,ES,organic,English,Spanish
3327,2025-11-07T04:41:00,FR,organic,English,Spanish
3328,2025-11-07T22:20:00,US,organic,English,Italian
3329,2025-11-07T17:15:00,MX,social,English,Italian
3330,2025-11-07T05:46:00,de,organic,English,Japanese
3331,2025-11-07T16:42:00,MX,organic,English,Italian
3332,2025-11-07T10:30:00,GB,paid_search,English,German
3333,2025-11-07T14:14:00,de,referral,English,French
3334,2025-11-07T05:37:00,PL,social,English,Italian
3335,2025-11-08T11:32:00,DE,social,English,English
3336,2025-11-08T07:12:00,FR,paid_search,English,Italian
3337,2025-11-08T05:01:00,PL,social,English,Spanish
3338,2025-11-08T23:32:00,GB,organic,English,Japanese
3339,2025-11-08T12:15:00,IN,app_store,English,French
3340,2025-11-08T01:13:00,br,organic,English,German
3341,2025-11-08T18:56:00,DE,referral,English,English
3342,2025-11-08T17:51:00,GB,organic,English,English
3343,2025-11-08T12:45:00, US,organic,English,Italian
3344,2025-11-08T17:17:00,US,referral,English,French
3345,2025-11-08T11:12:00, US,app_store,English,German
3346,2025-11-08T07:45:00,pl ,organic,English,Spanish
3347,2025-11-08T03:32:00,MX,paid_search,English,French
3348,2025-11-08T11:58:00,FR,organic,English,French
3349,2025-11-08T16:36:00,GB,referral,English,English
3350,2025-11-08T06:42:00,MX,paid_search,English,French
3351,2025-11-08T22:39:00,JP,app_store,English,Spanish
3352,2025-11-08T19:25:00,MX,social,English,Italian
3353,2025-11-08T02:00:00,IN,paid_search,English,English
3354,2025-11-08T03:43:00,JP,organic,English,Italian
3355,2025-11-08T14:10:00,pl ,app_store,English,Japanese
3356,2025-11-08T21:48:00,pl ,organic,English,Japanese
3357,2025-11-08T14:43:00,GB,organic,English,Japanese
3358,2025-11-08T02:58:00,IN,social,English,Italian
3359,2025-11-08T09:09:00,MX,social,English,English
3360,2025-11-08T22:58:00,pl ,paid_search,English,German
3361,2025-11-08T06:57:00,MX,app_store,English,Japanese
3362,2025-11-08T11:27:00,IN,organic,English,Spanish
3363,2025-11-08T23:56:00,FR,organic,English,Japanese
3364,2025-11-08T00:55:00,UK,app_store,English,English
3365,2025-11-08T13:10:00,JP,app_store,English,German
3366,2025-11-08T05:56:00,FR,app_store,English,French
3367,2025-11-08T16:47:00,FR,organic,English,Japanese
3368,2025-11-08T12:33:00,br,social,English,German
3369,2025-11-09T00:33:00,ES,referral,English,Italian
3370,2025-11-09T23:24:00,MX,social,English,German
3371,2025-11-09T16:27:00,Pl,paid_search,English,French
3372,2025-11-09T13:04:00,MX,organic,English,German
3373,2025-11-09T03:43:00,FR,social,English,Spanish
3374,2025-11-09T05:19:00,IN,app_store,English,Spanish
3375,2025-11-09T06:23:00,FR,social,English,English
3376,2025-11-09T17:35:00,UK,organic,English,German
3377,2025-11-09T00:49:00,IN,organic,English,Spanish
3378,2025-11-09T00:32:00,GB,referral,English,English
3379,2025-11-09T00:43:00,br,app_store,English,Italian
3380,2025-11-09T08:07:00,GB,social,English,Italian
3381,2025-11-09T08:02:00,UK,paid_search,English,Japanese
3382,2025-11-09T18:40:00,IN,organic,English,Italian
3383,2025-11-09T05:34:00,MX,paid_search,English,English
3384,2025-11-09T05:08:00,ES,social,English,Japanese
3385,2025-11-09T09:56:00,ES,app_store,English,Italian
3386,2025-11-09T13:14:00,UK,organic,English,Italian
3387,2025-11-09T19:21:00,MX,app_store,English,German
3388,2025-11-09T09:25:00,PL,app_store,English,English
3389,2025-11-09T03:51:00,BR,paid_search,English,English
3390,2025-11-09T10:09:00,ES,referral,English,Japanese
3391,2025-11-09T23:17:00,ES,social,English,French
3392,2025-11-09T06:54:00,us,referral,English,Italian
3393,2025-11-09T15:26:00,IN,organic,English,Italian
3394,2025-11-09T16:08:00,PL,referral,English,German
3395,2025-11-09T10:24:00,FR,social,English,French
3396,2025-11-09T05:04:00,DE,app_store,English,German
3397,2025-11-09T01:24:00,US,organic,English,Japanese
3398,2025-11-09T06:21:00,BR,organic,English,French
3399,2025-11-09T21:25:00,IN,paid_search,English,Japanese
3400,2025-11-09T18:57:00,FR,organic,English,Spanish
3401,2025-11-09T09:19:00,IN,app_store,English,German
3402,2025-11-09T20:04:00,FR,paid_search,English,Spanish
3403,2025-11-10T16:45:00,PL,social,English,Japanese
3404,2025-11-10T04:38:00,UK,organic,English,English
3405,2025-11-10T04:43:00,MX,paid_search,English,Japanese
3406,2025-11-10T10:35:00,IN,paid_search,English,English
3407,2025-11-10T22:40:00,Pl,organic,English,German
3408,2025-11-10T19:17:00,MX,social,English,Spanish
3409,2025-11-10T03:55:00,BR,referral,English,Japanese
3410,2025-11-10T21:40:00, US,referral,English,Japanese
3411,2025-11-10T04:09:00,Pl,paid_search,English,Italian
3412,2025-11-10T01:21:00,ES,organic,English,Italian
3413,2025-11-10T16:06:00,br,social,English,German
3414,2025-11-10T11:25:00,DE,organic,English,Spanish
3415,2025-11-10T23:40:00,ES,app_store,English,Spanish
3416,2025-11-10T07:40:00,br,app_store,English,Spanish
3417,2025-11-10T07:09:00,ES,organic,English,German
3418,2025-11-10T02:58:00,de,organic,English,French
3419,2025-11-10T13:10:00,PL,social,English,English
3420,2025-11-10T22:41:00,Pl,app_store,English,German
3421,2025-11-10T01:10:00,ES,organic,English,Spanish
3422,2025-11-10T08:43:00,PL,organic,English,Spanish
3423,2025-11-10T16:30:00,ES,organic,English,Spanish
3424,2025-11-10T02:30:00,Pl,organic,English,German
3425,2025-11-10T08:13:00,de,organic,English,Italian
3426,2025-11-10T00:50:00, US,referral,English,Japanese
3427,2025-11-10T07:15:00,de,social,English,French
3428,2025-11-10T06:48:00,FR,referral,English,English
3429,2025-11-10T14:49:00,IN,referral,English,Spanish
3430,2025-11-11T17:25:00,de,organic,English,German
3431,2025-11-11T22:48:00,UK,paid_search,English,English
3432,2025-11-11T12:47:00,FR,social,English,German
3433,2025-11-11T22:50:00,pl ,organic,English,English
3434,2025-11-11T11:37:00,US,organic,English,English
3435,2025-11-11T09:13:00,FR,paid_search,English,English
3436,2025-11-11T05:34:00,BR,paid_search,English,Japanese
3437,2025-11-11T18:39:00,DE,social,English,Japanese
3438,2025-11-11T14:03:00,DE,organic,English,German
3439,2025-11-11T05:05:00,de,organic,English,Italian
3440,2025-11-11T16:53:00,IN,organic,English,French
3441,2025-11-11T03:00:00,ES,social,English,Japanese
3442,2025-11-11T19:58:00,GB,social,English,Italian
3443,2025-11-11T17:18:00,GB,organic,English,Spanish
3444,2025-11-11T02:21:00,MX,organic,English,English
3445,2025-11-11T12:49:00,ES,organic,English,Italian
3446,2025-11-11T15:50:00,FR,paid_search,English,Spanish
3447,2025-11-11T02:20:00,DE,organic,English,English
3448,2025-11-11T05:40:00,GB,organic,English,Italian
3449,2025-11-11T23:33:00,FR,referral,English,Spanish
3450,2025-11-11T17:11:00,br,paid_search,English,Spanish
3451,2025-11-11T17:44:00,UK,social,English,Spanish
3452,2025-11-11T01:34:00,IN,social,English,Japanese
3453,2025-11-11T19:09:00,MX,organic,English,German
3454,2025-11-11T11:31:00,IN,paid_search,English,French
3455,2025-11-11T11:05:00,br,organic,English,Italian
3456,2025-11-11T16:28:00,de,organic,English,Spanish
3457,2025-11-12T08:00:00,IN,organic,English,German
3458,2025-11-12T13:42:00,UK,paid_search,English,Spanish
3459,2025-11-12T17:03:00,pl ,paid_search,English,Spanish
3460,2025-11-12T16:13:00,JP,organic,English,Spanish
3461,2025-11-12T07:46:00,FR,app_store,English,French
3462,2025-11-12T04:20:00,US,organic,English,Italian
3463,2025-11-12T12:07:00,DE,organic,English,German
3464,2025-11-12T02:15:00,UK,paid_search,English,Italian
3465,2025-11-12T16:51:00, US,app_store,English,French
3466,2025-11-12T22:54:00,GB,organic,English,French
3467,2025-11-12T06:21:00,IN,organic,English,Japanese
3468,2025-11-12T23:29:00,br,social,English,English
3469,2025-11-12T21:58:00,JP,social,English,Italian
3470,2025-11-12T12:26:00,Pl,app_store,English,Italian
3471,2025-11-12T04:46:00,IN,paid_search,English,German
3472,2025-11-12T23:52:00,pl ,organic,English,Spanish
3473,2025-11-12T09:02:00,MX,paid_search,English,Japanese
3474,2025-11-12T04:52:00,ES,organic,English,Spanish
3475,2025-11-12T08:00:00,DE,social,English,Italian
3476,2025-11-12T15:21:00,pl ,paid_search,English,German
3477,2025-11-12T20:39:00,BR,organic,English,Spanish
3478,2025-11-12T11:02:00,JP,referral,English,English
3479,2025-11-12T22:36:00,MX,app_store,English,Japanese
3480,2025-11-12T23:24:00,ES,organic,English,Japanese
3481,2025-11-12T02:14:00,us,paid_search,English,German
3482,2025-11-12T05:28:00,MX,organic,English,Japanese
3483,2025-11-12T07:15:00,US,social,English,Italian
3484,2025-11-13T01:44:00,BR,paid_search,English,Spanish
3485,2025-11-13T23:05:00,FR,paid_search,English,Spanish
3486,2025-11-13T00:25:00,IN,paid_search,English,Spanish
3487,2025-11-13T03:50:00,UK,app_store,English,French
3488,2025-11-13T18:06:00,Pl,paid_search,English,Italian
3489,2025-11-13T21:07:00,JP,social,English,French
3490,2025-11-13T22:29:00,JP,referral,English,French
3491,2025-11-13T15:33:00,ES,organic,English,Italian
3492,2025-11-13T10:48:00,GB,app_store,English,English
3493,2025-11-13T19:03:00,US,organic,English,English
3494,2025-11-13T14:03:00,DE,social,English,German
3495,2025-11-13T11:27:00,DE,organic,English,Japanese
3496,2025-11-13T06:19:00,GB,social,English,Italian
3497,2025-11-13T10:17:00,de,paid_search,English,German
3498,2025-11-13T16:49:00,GB,referral,English,Japanese
3499,2025-11-13T21:50:00,JP,social,English,German
3500,2025-11-13T08:58:00,de,paid_search,English,Italian
3501,2025-11-13T03:17:00,GB,social,English,English
3502,2025-11-13T09:40:00,ES,organic,English,French
3503,2025-11-13T01:11:00,BR,organic,English,Spanish
3504,2025-11-13T19:10:00,us,app_store,English,French
3505,2025-11-13T15:46:00,UK,referral,English,Japanese
3506,2025-11-13T22:59:00,FR,organic,English,Italian
3507,2025-11-13T15:55:00,BR,organic,English,German
3508,2025-11-13T06:50:00,JP,organic,English,French
3509,2025-11-13T17:53:00,us,organic,English,Spanish
3510,2025-11-13T17:09:00,ES,paid_search,English,English
3511,2025-11-14T12:28:00,JP,organic,English,German
3512,2025-11-14T18:52:00,Pl,organic,English,Spanish
3513,2025-11-14T14:16:00,Pl,organic,English,Spanish
3514,2025-11-14T00:25:00,ES,organic,English,Italian
3515,2025-11-14T16:27:00,ES,referral,English,Japanese
3516,2025-11-14T23:46:00,JP,organic,English,German
3517,2025-11-14T17:21:00,JP,organic,English,Spanish
3518,2025-11-14T01:03:00,br,organic,English,Spanish
3519,2025-11-14T16:25:00,ES,social,English,Japanese
3520,2025-11-14T16:52:00,PL,paid_search,English,Italian
3521,2025-11-14T08:11:00,UK,social,English,French
3522,2025-11-14T16:20:00,FR,organic,English,Spanish
3523,2025-11-14T06:03:00,us,organic,English,Spanish
3524,2025-11-14T20:41:00,MX,referral,English,Italian
3525,2025-11-14T14:28:00,br,organic,English,English
3526,2025-11-14T16:16:00,JP,paid_search,English,Spanish
3527,2025-11-14T23:52:00,MX,organic,English,Spanish
3528,2025-11-14T21:06:00,UK,organic,English,Spanish
3529,2025-11-14T04:24:00,MX,organic,English,Italian
3530,2025-11-14T00:28:00,MX,paid_search,English,English
3531,2025-11-14T09:46:00,ES,paid_search,English,Japanese
3532,2025-11-14T11:47:00,MX,referral,English,Japanese
3533,2025-11-14T07:18:00,pl ,organic,English,English
3534,2025-11-14T14:18:00,IN,organic,English,French
3535,2025-11-14T22:35:00,MX,organic,English,English
3536,2025-11-14T16:21:00,pl ,paid_search,English,English
3537,2025-11-14T05:33:00,ES,paid_search,English,Japanese
3538,2025-11-15T01:58:00,JP,organic,English,English
3539,2025-11-15T21:01:00,br,organic,English,French
3540,2025-11-15T21:46:00,UK,paid_search,English,Japanese
3541,2025-11-15T01:12:00,GB,social,English,Spanish
3542,2025-11-15T06:14:00,de,organic,English,German
3543,2025-11-15T18:38:00,JP,referral,English,Italian
3544,2025-11-15T01:20:00,JP,referral,English,German
3545,2025-11-15T08:47:00,JP,paid_search,English,Italian
3546,2025-11-15T08:23:00,JP,social,English,French
3547,2025-11-15T03:02:00,FR,paid_search,English,English
3548,2025-11-15T02:56:00,MX,paid_search,English,Italian
3549,2025-11-15T04:18:00,UK,social,English,English
3550,2025-11-15T07:50:00,br,paid_search,English,Japanese
3551,2025-11-15T04:24:00,ES,paid_search,English,Spanish
3552,2025-11-15T10:42:00,UK,paid_search,English,Italian
3553,2025-11-15T05:49:00,BR,organic,English,English
3554,2025-11-15T21:31:00,de,organic,English,Italian
3555,2025-11-15T21:13:00,FR,social,English,Japanese
3556,2025-11-15T06:29:00,br,organic,English,Italian
3557,2025-11-15T09:56:00,IN,app_store,English,English
3558,2025-11-15T18:34:00,JP,organic,English,French
3559,2025-11-15T05:47:00,IN,organic,English,German
3560,2025-11-15T21:46:00,FR,paid_search,English,Italian
3561,2025-11-15T06:56:00,MX,paid_search,English,German
3562,2025-11-15T17:46:00,GB,referral,English,English
3563,2025-11-15T21:15:00,de,organic,English,English
3564,2025-11-15T02:20:00,UK,organic,English,Italian
3565,2025-11-15T08:00:00,us,paid_search,English,Spanish
3566,2025-11-15T05:50:00,Pl,referral,English,German
3567,2025-11-15T21:20:00,DE,organic,English,Spanish
3568,2025-11-15T05:53:00,br,organic,English,Japanese
3569,2025-11-15T22:40:00,ES,referral,English,French
3570,2025-11-15T10:12:00,FR,app_store,English,Spanish
3571,2025-11-15T08:40:00,FR,social,English,Spanish
3572,2025-11-15T05:13:00,br,paid_search,English,Spanish
3573,2025-11-16T12:09:00,UK,social,English,French
3574,2025-11-16T06:58:00,MX,social,English,Japanese
3575,2025-11-16T02:24:00,US,paid_search,English,Japanese
3576,2025-11-16T04:22:00,pl ,organic,English,German
3577,2025-11-16T09:50:00,FR,paid_search,English,Italian
3578,2025-11-16T22:33:00,BR,organic,English,Japanese
3579,2025-11-16T14:53:00,pl ,social,English,Japanese
3580,2025-11-16T09:59:00,de,paid_search,English,Italian
3581,2025-11-16T07:51:00,us,social,English,Italian
3582,2025-11-16T19:42:00,JP,referral,English,French
3583,2025-11-16T13:40:00,ES,paid_search,English,Spanish
3584,2025-11-16T02:28:00,JP,social,English,German
3585,2025-11-16T12:12:00,us,app_store,English,French
3586,2025-11-16T12:49:00,pl ,paid_search,English,English
3587,2025-11-16T00:52:00,ES,app_store,English,Spanish
3588,2025-11-16T08:50:00,IN,organic,English,German
3589,2025-11-16T07:35:00,pl ,organic,English,Japanese
3590,2025-11-16T17:10:00,US,organic,English,French
3591,2025-11-16T12:50:00,FR,social,English,English
3592,2025-11-16T09:49:00,BR,organic,English,Italian
3593,2025-11-16T18:47:00,JP,paid_search,English,French
3594,2025-11-16T02:43:00,us,paid_search,English,Japanese
3595,2025-11-16T08:27:00, US,social,English,Japanese
3596,2025-11-16T01:59:00,MX,organic,English,Spanish
3597,2025-11-16T20:51:00,UK,organic,English,German
3598,2025-11-16T04:34:00,UK,organic,English,English
3599,2025-11-16T13:33:00,us,organic,English,German
3600,2025-11-16T18:03:00, US,social,English,German
3601,2025-11-16T16:07:00,ES,referral,English,French
3602,2025-11-16T09:17:00,IN,organic,English,English
3603,2025-11-16T20:53:00,Pl,referral,English,Spanish
3604,2025-11-16T21:21:00,IN,social,English,Spanish
3605,2025-11-16T07:25:00,br,organic,English,English
3606,2025-11-16T09:11:00,IN,organic,English,English
3607,2025-11-16T03:35:00,DE,social,English,Spanish
3608,2025-11-17T00:06:00,IN,social,English,English
3609,2025-11-17T10:40:00,br,app_store,English,Italian
3610,2025-11-17T08:16:00,FR,paid_search,English,French
3611,2025-11-17T10:55:00,GB,organic,English,English
3612,2025-11-17T03:56:00,de,paid_search,English,Spanish
3613,2025-11-17T18:40:00,US,organic,English,Italian
3614,2025-11-17T04:30:00,FR,organic,English,English
3615,2025-11-17T11:13:00,JP,organic,English,English
3616,2025-11-17T16:20:00, US,app_store,English,German
3617,2025-11-17T01:01:00,UK,paid_search,English,Spanish
3618,2025-11-17T10:38:00,JP,organic,English,Spanish
3619,2025-11-17T15:19:00,JP,social,English,Spanish
3620,2025-11-17T10:42:00,de,social,English,Japanese
3621,2025-11-17T04:03:00,IN,social,English,Italian
3622,2025-11-17T11:06:00,FR,organic,English,German
3623,2025-11-17T06:29:00,ES,paid_search,English,Italian
3624,2025-11-17T16:55:00,IN,social,English,Italian
3625,2025-11-17T16:42:00,FR,paid_search,English,Japanese
3626,2025-11-17T04:47:00,UK,app_store,English,English
3627,2025-11-17T21:55:00,ES,app_store,English,Spanish
3628,2025-11-17T22:43:00,ES,social,English,French
3629,2025-11-17T21:02:00,Pl,social,English,German
3630,2025-11-17T07:14:00, US,social,English,Spanish
3631,2025-11-17T17:17:00,JP,paid_search,English,Italian
3632,2025-11-17T22:14:00,de,organic,English,Spanish
3633,2025-11-17T05:52:00,MX,paid_search,English,Japanese
3634,2025-11-17T06:36:00,ES,paid_search,English,English
3635,2025-11-17T22:05:00,IN,organic,English,Japanese
3636,2025-11-18T21:16:00,JP,social,English,English
3637,2025-11-18T12:24:00,JP,paid_search,English,German
3638,2025-11-18T18:20:00,IN,organic,English,Japanese
3639,2025-11-18T01:51:00,FR,organic,English,Spanish
3640,2025-11-18T08:43:00,Pl,organic,English,German
3641,2025-11-18T19:13:00,FR,paid_search,English,German
3642,2025-11-18T19:31:00,JP,app_store,English,English
3643,2025-11-18T00:50:00,MX,referral,English,Italian
3644,2025-11-18T17:34:00,FR,organic,English,Italian
3645,2025-11-18T20:10:00,UK,organic,English,French
3646,2025-11-18T14:32:00,Pl,organic,English,Japanese
3647,2025-11-18T12:22:00,br,organic,English,Italian
3648,2025-11-18T01:42:00,de,paid_search,English,Italian
3649,2025-11-18T10:35:00,IN,app_store,English,Italian
3650,2025-11-18T21:23:00,FR,app_store,English,Italian
3651,2025-11-18T04:47:00,DE,paid_search,English,Spanish
3652,2025-11-18T03:20:00,de,social,English,English
3653,2025-11-18T16:09:00,us,organic,English,German
3654,2025-11-18T09:48:00,IN,organic,English,English
3655,2025-11-18T10:20:00,GB,organic,English,English
3656,2025-11-18T11:42:00,PL,referral,English,Japanese
3657,2025-11-18T09:00:00,us,referral,English,French
3658,2025-11-18T08:55:00,IN,organic,English,German
3659,2025-11-18T17:48:00,MX,social,English,Japanese
3660,2025-11-18T20:58:00,JP,paid_search,English,Japanese
3661,2025-11-18T23:41:00,UK,social,English,Italian
3662,2025-11-18T04:59:00,IN,organic,English,German
3663,2025-11-18T17:32:00,ES,referral,English,Italian
3664,2025-11-19T18:17:00,ES,organic,English,Japanese
3665,2025-11-19T15:50:00,ES,social,English,English
3666,2025-11-19T21:52:00,de,organic,English,Italian
3667,2025-11-19T05:32:00,UK,organic,English,German
3668,2025-11-19T05:18:00,ES,social,English,French
3669,2025-11-19T03:48:00,FR,paid_search,English,German
3670,2025-11-19T10:45:00,br,paid_search,English,German
3671,2025-11-19T10:59:00,US,social,English,English
3672,2025-11-19T18:05:00,BR,social,English,German
3673,2025-11-19T01:29:00,pl ,social,English,French
3674,2025-11-19T05:29:00,GB,organic,English,English
3675,2025-11-19T21:17:00,UK,organic,English,Japanese
3676,2025-11-19T18:43:00,IN,app_store,English,French
3677,2025-11-19T07:04:00,US,organic,English,French
3678,2025-11-19T23:28:00, US,referral,English,French
3679,2025-11-19T12:12:00,JP,paid_search,English,French
3680,2025-11-19T04:25:00,US,organic,English,French
3681,2025-11-19T12:11:00,de,social,English,English
3682,2025-11-19T22:40:00,IN,referral,English,French
3683,2025-11-19T08:10:00,JP,referral,English,Spanish
3684,2025-11-19T01:55:00,BR,referral,English,German
3685,2025-11-19T22:31:00,JP,organic,English,English
3686,2025-11-19T06:59:00,us,organic,English,French
3687,2025-11-19T05:23:00,br,social,English,Spanish
3688,2025-11-19T16:57:00,ES,organic,English,Italian
3689,2025-11-19T13:03:00,IN,organic,English,German
3690,2025-11-19T07:59:00,US,paid_search,English,English
3691,2025-11-19T05:59:00,MX,paid_search,English,French
3692,2025-11-20T07:47:00,JP,social,English,Spanish
3693,2025-11-20T14:44:00,br,paid_search,English,Japanese
3694,2025-11-20T23:30:00,FR,organic,English,German
3695,2025-11-20T10:46:00,JP,organic,English,German
3696,2025-11-20T19:52:00,FR,paid_search,English,French
3697,2025-11-20T16:43:00,br,organic,English,Japanese
3698,2025-11-20T19:33:00,JP,organic,English,English
3699,2025-11-20T02:05:00,JP,social,English,Italian
3700,2025-11-20T09:36:00,UK,social,English,German
3701,2025-11-20T14:08:00,BR,paid_search,English,Spanish
3702,2025-11-20T22:45:00,MX,organic,English,Japanese
3703,2025-11-20T21:57:00,GB,paid_search,English,Spanish
3704,2025-11-20T01:44:00,DE,social,English,Italian
3705,2025-11-20T07:12:00,DE,organic,English,Italian
3706,2025-11-20T01:05:00,MX,social,English,English
3707,2025-11-20T17:09:00,UK,organic,English,German
3708,2025-11-20T13:58:00, US,paid_search,English,French
3709,2025-11-20T04:07:00,MX,organic,English,German
3710,2025-11-20T06:52:00,MX,organic,English,Spanish
3711,2025-11-20T20:53:00,JP,social,English,Spanish
3712,2025-11-20T16:09:00,JP,organic,English,Italian
3713,2025-11-20T02:30:00,JP,organic,English,Japanese
3714,2025-11-20T06:23:00,pl ,organic,English,German
3715,2025-11-20T09:39:00,JP,referral,English,Spanish
3716,2025-11-20T14:44:00,ES,paid_search,English,Spanish
3717,2025-11-20T10:24:00,IN,social,English,Japanese
3718,2025-11-20T15:04:00,MX,organic,English,Italian
3719,2025-11-20T07:00:00,PL,paid_search,English,French
3720,2025-11-21T16:44:00,ES,organic,English,English
3721,2025-11-21T23:18:00,JP,organic,English,French
3722,2025-11-21T17:04:00,UK,organic,English,German
3723,2025-11-21T17:17:00,BR,app_store,English,German
3724,2025-11-21T04:49:00,MX,organic,English,Spanish
3725,2025-11-21T20:04:00,JP,referral,English,Spanish
3726,2025-11-21T01:10:00,BR,referral,English,French
3727,2025-11-21T20:10:00,pl ,paid_search,English,German
3728,2025-11-21T00:49:00,UK,organic,English,Italian
3729,2025-11-21T15:55:00,br,organic,English,English
3730,2025-11-21T13:03:00,FR,paid_search,English,Italian
3731,2025-11-21T21:11:00,GB,organic,English,Japanese
3732,2025-11-21T21:09:00,ES,paid_search,English,Italian
3733,2025-11-21T16:38:00,JP,referral,English,Spanish
3734,2025-11-21T17:31:00,US,app_store,English,Spanish
3735,2025-11-21T00:37:00, US,social,English,French
3736,2025-11-21T01:29:00,PL,paid_search,English,Italian
3737,2025-11-21T15:16:00,MX,social,English,French
3738,2025-11-21T18:50:00,BR,paid_search,English,French
3739,2025-11-21T22:55:00,DE,paid_search,English,Spanish
3740,2025-11-21T18:19:00,IN,organic,English,French
3741,2025-11-21T02:48:00,FR,app_store,English,Spanish
3742,2025-11-21T13:37:00,JP,organic,English,Spanish
3743,2025-11-21T11:10:00,US,organic,English,Spanish
3744,2025-11-21T15:17:00,ES,organic,English,Spanish
3745,2025-11-21T09:24:00,GB,organic,English,Japanese
3746,2025-11-21T16:15:00,de,social,English,Japanese
3747,2025-11-21T20:15:00,br,social,English,German
3748,2025-11-22T06:31:00,MX,social,English,Spanish
3749,2025-11-22T00:19:00,ES,organic,English,German
3750,2025-11-22T17:47:00,DE,social,English,Spanish
3751,2025-11-22T20:24:00,MX,organic,English,German
3752,2025-11-22T10:29:00,GB,app_store,English,Italian
3753,2025-11-22T09:43:00,JP,paid_search,English,Spanish
3754,2025-11-22T01:43:00,UK,organic,English,Spanish
3755,2025-11-22T00:43:00,ES,referral,English,Japanese
3756,2025-11-22T14:08:00,JP,app_store,English,Japanese
3757,2025-11-22T04:40:00,JP,app_store,English,Spanish
3758,2025-11-22T21:21:00,IN,organic,English,Italian
3759,2025-11-22T23:06:00,MX,social,English,Italian
3760,2025-11-22T05:05:00,br,referral,English,French
3761,2025-11-22T08:33:00,IN,paid_search,English,Japanese
3762,2025-11-22T11:31:00,JP,paid_search,English,Japanese
3763,2025-11-22T20:07:00, US,organic,English,Italian
3764,2025-11-22T01:25:00,Pl,social,English,English
3765,2025-11-22T18:18:00, US,paid_search,English,Italian
3766,2025-11-22T11:37:00,JP,organic,English,German
3767,2025-11-22T17:52:00,FR,paid_search,English,Spanish
3768,2025-11-22T04:19:00,GB,organic,English,Italian
3769,2025-11-22T11:10:00,IN,organic,English,Spanish
3770,2025-11-22T08:44:00,DE,app_store,English,German
3771,2025-11-22T15:26:00,JP,social,English,Japanese
3772,2025-11-22T00:51:00,IN,app_store,English,English
3773,2025-11-22T06:36:00,br,organic,English,French
3774,2025-11-22T03:46:00,BR,organic,English,English
3775,2025-11-22T16:05:00,FR,organic,English,Italian
3776,2025-11-22T15:09:00,IN,social,English,Japanese
3777,2025-11-22T23:55:00,ES,organic,English,Spanish
3778,2025-11-22T03:32:00,ES,paid_search,English,Spanish
3779,2025-11-22T21:36:00,MX,social,English,German
3780,2025-11-22T09:59:00,DE,referral,English,English
3781,2025-11-22T15:21:00,JP,app_store,English,English
3782,2025-11-22T07:11:00,ES,paid_search,English,Japanese
3783,2025-11-22T19:22:00,JP,referral,English,Italian
3784,2025-11-23T00:28:00,br,paid_search,English,English
3785,2025-11-23T09:00:00,FR,organic,English,Spanish
3786,2025-11-23T09:59:00,IN,paid_search,English,French
3787,2025-11-23T03:30:00,IN,paid_search,English,French
3788,2025-11-23T06:17:00,JP,social,English,Japanese
3789,2025-11-23T07:06:00,DE,paid_search,English,Spanish
3790,2025-11-23T21:30:00, US,social,English,Italian
3791,2025-11-23T10:51:00,IN,organic,English,English
3792,2025-11-23T21:34:00,JP,paid_search,English,Italian
3793,2025-11-23T03:26:00,MX,app_store,English,Spanish
3794,2025-11-23T05:43:00,MX,paid_search,English,English
3795,2025-11-23T11:46:00,de,organic,English,Japanese
3796,2025-11-23T11:56:00,ES,organic,English,English
3797,2025-11-23T07:59:00,MX,organic,English,French
3798,2025-11-23T00:10:00,br,app_store,English,Japanese
3799,2025-11-23T21:21:00,Pl,organic,English,French
3800,2025-11-23T12:14:00,BR,organic,English,English
3801,2025-11-23T03:26:00,GB,organic,English,French
3802,2025-11-23T04:04:00,de,social,English,English
3803,2025-11-23T06:03:00,br,paid_search,English,Spanish
3804,2025-11-23T23:19:00,GB,organic,English,Japanese
3805,2025-11-23T04:15:00,FR,social,English,Japanese
3806,2025-11-23T18:35:00,BR,paid_search,English,French
3807,2025-11-23T04:03:00,GB,organic,English,Spanish
3808,2025-11-23T05:32:00,us,organic,English,Italian
3809,2025-11-23T15:40:00,BR,social,English,Italian
3810,2025-11-23T09:42:00,Pl,social,English,Japanese
3811,2025-11-23T23:12:00,br,paid_search,English,Japanese
3812,2025-11-23T16:05:00,IN,app_store,English,Italian
3813,2025-11-23T22:02:00,MX,app_store,English,Japanese
3814,2025-11-23T21:52:00,BR,social,English,Japanese
3815,2025-11-23T22:17:00,DE,paid_search,English,French
3816,2025-11-23T00:58:00,DE,organic,English,English
3817,2025-11-23T05:53:00,JP,app_store,English,Japanese
3818,2025-11-23T01:15:00,ES,referral,English,Spanish
3819,2025-11-23T02:58:00,de,paid_search,English,Italian
3820,2025-11-24T02:47:00,MX,paid_search,English,Spanish
3821,2025-11-24T09:47:00,IN,social,English,English
3822,2025-11-24T10:47:00,ES,paid_search,English,French
3823,2025-11-24T03:20:00,IN,social,English,Italian
3824,2025-11-24T19:52:00,BR,organic,English,German
3825,2025-11-24T12:41:00,IN,social,English,Italian
3826,2025-11-24T22:52:00,BR,paid_search,English,French
3827,2025-11-24T19:36:00,FR,referral,English,Spanish
3828,2025-11-24T08:51:00,GB,organic,English,Japanese
3829,2025-11-24T14:46:00,IN,organic,English,French
3830,2025-11-24T06:14:00,de,social,English,French
3831,2025-11-24T05:42:00,BR,organic,English,Japanese
3832,2025-11-24T08:41:00,BR,paid_search,English,Japanese
3833,2025-11-24T23:21:00,GB,referral,English,English
3834,2025-11-24T19:05:00,JP,referral,English,Italian
3835,2025-11-24T21:39:00,br,paid_search,English,French
3836,2025-11-24T21:50:00,IN,organic,English,French
3837,2025-11-24T06:37:00,MX,referral,English,German
3838,2025-11-24T15:07:00,UK,paid_search,English,German
3839,2025-11-24T23:13:00,FR,organic,English,English
3840,2025-11-24T09:04:00,GB,referral,English,French
3841,2025-11-24T13:20:00,DE,social,English,English
3842,2025-11-24T07:51:00,BR,organic,English,Italian
3843,2025-11-24T04:28:00,MX,social,English,French
3844,2025-11-24T12:29:00,ES,paid_search,English,Italian
3845,2025-11-24T07:29:00,DE,organic,English,English
3846,2025-11-24T21:33:00,ES,app_store,English,Italian
3847,2025-11-24T06:39:00,PL,social,English,Spanish
3848,2025-11-24T00:44:00,ES,organic,English,Japanese
3849,2025-11-25T04:34:00,IN,organic,English,Japanese
3850,2025-11-25T11:40:00,US,app_store,English,French
3851,2025-11-25T02:32:00,PL,social,English,English
3852,2025-11-25T07:10:00,de,organic,English,Japanese
3853,2025-11-25T07:25:00,BR,referral,English,Italian
3854,2025-11-25T04:24:00,PL,organic,English,German
3855,2025-11-25T01:22:00,br,paid_search,English,Japanese
3856,2025-11-25T22:55:00,ES,organic,English,German
3857,2025-11-25T07:41:00,FR,organic,English,Japanese
3858,2025-11-25T06:29:00,BR,social,English,French
3859,2025-11-25T15:21:00,MX,organic,English,Spanish
3860,2025-11-25T18:21:00,ES,app_store,English,English
3861,2025-11-25T01:40:00,ES,app_store,English,English
3862,2025-11-25T02:14:00,JP,social,English,German
3863,2025-11-25T17:25:00,ES,app_store,English,German
3864,2025-11-25T01:28:00,Pl,organic,English,Spanish
3865,2025-11-25T14:17:00, US,social,English,Spanish
3866,2025-11-25T09:03:00,FR,paid_search,English,German
3867,2025-11-25T19:46:00,BR,referral,English,Japanese
3868,2025-11-25T18:48:00,FR,social,English,German
3869,2025-11-25T17:46:00,UK,paid_search,English,Japanese
3870,2025-11-25T20:23:00,JP,social,English,English
3871,2025-11-25T03:55:00,MX,organic,English,Spanish
3872,2025-11-25T22:45:00,pl ,app_store,English,Japanese
3873,2025-11-25T07:12:00,de,social,English,English
3874,2025-11-25T23:07:00,de,organic,English,Italian
3875,2025-11-25T19:06:00,MX,paid_search,English,Japanese
3876,2025-11-25T06:30:00,FR,social,English,English
3877,2025-11-25T18:24:00,UK,paid_search,English,French
3878,2025-11-26T17:35:00,MX,paid_search,English,Italian
3879,2025-11-26T19:16:00,PL,organic,English,Italian
3880,2025-11-26T17:47:00,JP,paid_search,English,English
3881,2025-11-26T02:34:00,pl ,organic,English,Italian
3882,2025-11-26T17:31:00,GB,paid_search,English,German
3883,2025-11-26T12:33:00,BR,organic,English,German
3884,2025-11-26T17:53:00,ES,organic,English,Italian
3885,2025-11-26T01:11:00,FR,paid_search,English,French
3886,2025-11-26T15:45:00,DE,social,English,Spanish
3887,2025-11-26T06:00:00,DE,organic,English,Spanish
3888,2025-11-26T11:56:00,GB,app_store,English,French
3889,2025-11-26T07:39:00,br,social,English,Spanish
3890,2025-11-26T17:26:00,DE,social,English,Spanish
3891,2025-11-26T09:20:00,Pl,organic,English,Japanese
3892,2025-11-26T08:08:00,MX,social,English,English
3893,2025-11-26T01:10:00,FR,organic,English,Spanish
3894,2025-11-26T19:13:00,JP,paid_search,English,Italian
3895,2025-11-26T21:18:00,MX,organic,English,English
3896,2025-11-26T02:07:00,DE,social,English,German
3897,2025-11-26T07:07:00,US,social,English,French
3898,2025-11-26T22:34:00,FR,app_store,English,French
3899,2025-11-26T16:30:00,PL,social,English,Italian
3900,2025-11-26T18:53:00,FR,paid_search,English,Italian
3901,2025-11-26T12:27:00, US,social,English,German
3902,2025-11-26T10:22:00,JP,referral,English,Spanish
3903,2025-11-26T10:09:00,Pl,organic,English,German
3904,2025-11-26T15:28:00,DE,social,English,German
3905,2025-11-26T15:09:00,br,paid_search,English,French
3906,2025-11-26T17:18:00,IN,organic,English,German
3907,2025-11-27T07:13:00,IN,organic,English,Spanish
3908,2025-11-27T23:06:00,IN,organic,English,Spanish
3909,2025-11-27T20:08:00,ES,paid_search,English,Japanese
3910,2025-11-27T15:19:00,MX,organic,English,English
3911,2025-11-27T05:38:00,FR,social,English,English
3912,2025-11-27T23:39:00,MX,app_store,English,French
3913,2025-11-27T08:44:00,ES,referral,English,Italian
3914,2025-11-27T04:10:00,IN,paid_search,English,French
3915,2025-11-27T20:48:00,IN,referral,English,Spanish
3916,2025-11-27T08:46:00,MX,organic,English,German
3917,2025-11-27T21:10:00,PL,paid_search,English,Japanese
3918,2025-11-27T11:55:00,DE,organic,English,Italian
3919,2025-11-27T07:31:00,IN,paid_search,English,German
3920,2025-11-27T19:33:00,ES,paid_search,English,Japanese
3921,2025-11-27T17:53:00,IN,organic,English,German
3922,2025-11-27T02:37:00,DE,social,English,German
3923,2025-11-27T13:33:00,DE,social,English,French
3924,2025-11-27T00:16:00,pl ,organic,English,English
3925,2025-11-27T08:00:00,FR,paid_search,English,Japanese
3926,2025-11-27T12:06:00,GB,paid_search,English,Italian
3927,2025-11-27T12:59:00,br,organic,English,German
3928,2025-11-27T20:46:00,UK,organic,English,Italian
3929,2025-11-27T15:45:00,PL,paid_search,English,English
3930,2025-11-27T21:11:00,US,referral,English,Japanese
3931,2025-11-27T01:28:00,us,social,English,French
3932,2025-11-27T04:39:00,MX,organic,English,Japanese
3933,2025-11-27T12:38:00,DE,app_store,English,French
3934,2025-11-27T22:32:00,Pl,organic,English,Japanese
3935,2025-11-27T01:39:00,GB,organic,English,Spanish
3936,2025-11-28T04:32:00,IN,app_store,English,German
3937,2025-11-28T20:46:00,GB,paid_search,English,German
3938,2025-11-28T17:16:00,de,social,English,Spanish
3939,2025-11-28T15:59:00,br,referral,English,English
3940,2025-11-28T08:44:00,de,organic,English,Spanish
3941,2025-11-28T12:08:00,GB,organic,English,English
3942,2025-11-28T15:07:00,pl ,organic,English,English
3943,2025-11-28T12:14:00,UK,paid_search,English,Spanish
3944,2025-11-28T12:55:00,ES,organic,English,Japanese
3945,2025-11-28T11:32:00,de,social,English,German
3946,2025-11-28T01:44:00,br,social,English,French
3947,2025-11-28T23:08:00,MX,organic,English,English
3948,2025-11-28T06:37:00,MX,organic,English,French
3949,2025-11-28T20:47:00,US,paid_search,English,Japanese
3950,2025-11-28T21:49:00,IN,organic,English,French
3951,2025-11-28T14:39:00,de,organic,English,Italian
3952,2025-11-28T10:09:00,JP,organic,English,Japanese
3953,2025-11-28T04:07:00,MX,organic,English,English
3954,2025-11-28T09:21:00,GB,social,English,German
3955,2025-11-28T04:32:00,pl ,organic,English,German
3956,2025-11-28T10:41:00,DE,referral,English,French
3957,2025-11-28T22:03:00,JP,organic,English,English
3958,2025-11-28T05:59:00,ES,paid_search,English,English
3959,2025-11-28T16:28:00,UK,organic,English,Spanish
3960,2025-11-28T04:37:00,de,organic,English,Japanese
3961,2025-11-28T14:08:00,de,organic,English,Spanish
3962,2025-11-28T00:43:00,pl ,app_store,English,Italian
3963,2025-11-28T03:06:00,UK,social,English,Japanese
3964,2025-11-28T06:18:00,UK,paid_search,English,Spanish
3965,2025-11-29T06:59:00,PL,app_store,English,Italian
3966,2025-11-29T04:56:00,DE,referral,English,Japanese
3967,2025-11-29T06:30:00,IN,paid_search,English,Japanese
3968,2025-11-29T22:30:00,DE,organic,English,Italian
3969,2025-11-29T10:05:00,MX,social,English,Japanese
3970,2025-11-29T23:04:00,us,paid_search,English,Japanese
3971,2025-11-29T13:21:00,FR,social,English,German
3972,2025-11-29T23:05:00,DE,organic,English,German
3973,2025-11-29T10:45:00,FR,organic,English,French
3974,2025-11-29T01:26:00,JP,social,English,Spanish
3975,2025-11-29T06:30:00,IN,paid_search,English,German
3976,2025-11-29T18:30:00,PL,referral,English,French
3977,2025-11-29T09:23:00,MX,organic,English,Spanish
3978,2025-11-29T12:13:00,IN,organic,English,English
3979,2025-11-29T06:22:00,DE,app_store,English,Italian
3980,2025-11-29T03:08:00,IN,social,English,French
3981,2025-11-29T04:46:00,UK,social,English,German
3982,2025-11-29T14:17:00,IN,organic,English,French
3983,2025-11-29T08:42:00,JP,organic,English,Spanish
3984,2025-11-29T19:35:00, US,organic,English,English
3985,2025-11-29T20:40:00, US,organic,English,German
3986,2025-11-29T19:32:00,DE,organic,English,French
3987,2025-11-29T21:36:00,UK,social,English,German
3988,2025-11-29T21:46:00,DE,social,English,Italian
3989,2025-11-29T17:28:00,Pl,organic,English,German
3990,2025-11-29T04:10:00,de,organic,English,English
3991,2025-11-29T05:21:00,IN,referral,English,Italian
3992,2025-11-29T05:23:00,BR,social,English,Italian
3993,2025-11-29T11:57:00,FR,paid_search,English,German
3994,2025-11-29T14:13:00,ES,social,English,German
3995,2025-11-29T09:49:00,JP,social,English,German
3996,2025-11-29T23:19:00,IN,organic,English,French
3997,2025-11-29T04:52:00,UK,paid_search,English,Japanese
3998,2025-11-29T09:12:00,FR,referral,English,Italian
3999,2025-11-29T19:36:00,ES,organic,English,Japanese
4000,2025-11-29T16:04:00,de,paid_search,English,German
